<?xml version="1.0" encoding="UTF-8"?>
<!DOCTYPE graphdesc PUBLIC "-//jrds//DTD Graph Description//EN" "urn:jrds:graphdesc">
<graphdesc>
  <name>CpuRawTimeF5</name>
  <graphName>cpurawf5</graphName>
  <graphTitle>CPU usage on {1}</graphTitle>
  <verticalLabel>% usage</verticalLabel>
  <upperLimit>100</upperLimit>
  <add>
    <name>ssCpuRawUser</name>
  </add>
  <add>
    <name>ssCpuRawIdle</name>
  </add>
  <add>
    <name>ssCpuRawSystem</name>
  </add>
  <add>
    <name>total</name>
    <rpn>ssCpuRawUser, ssCpuRawIdle, +, ssCpuRawSystem, +</rpn>
  </add>
  <add>
    <name>Kernelpc</name>
    <rpn>ssCpuRawSystem, total, /, 100, *</rpn>
    <graphType>area</graphType>
    <color>red</color>
    <legend>Kernel</legend>
  </add>
  <add>
    <name>Userpc</name>
    <rpn>ssCpuRawUser, total, /, 100, *</rpn>
    <graphType>stack</graphType>
    <color>blue</color>
    <legend>User</legend>
  </add>
  <add>
    <name>Idlepc</name>
    <rpn>ssCpuRawIdle, total, /, 100, *</rpn>
    <graphType>stack</graphType>
    <color>green</color>
    <legend>Idle</legend>
  </add>
  <hosttree>
    <pathelement>HOST</pathelement>
    <pathelement>SYSTEM</pathelement>
    <pathelement>LOAD</pathelement>
    <pathstring>CPU usage</pathstring>
  </hosttree>
  <viewtree>
    <pathelement>SYSTEM</pathelement>
    <pathelement>LOAD</pathelement>
    <pathstring>CPU usage</pathstring>
    <pathelement>HOST</pathelement>
  </viewtree>
</graphdesc>
