<?xml version="1.0" encoding="UTF-8"?>
<!DOCTYPE graphdesc PUBLIC "-//jrds//DTD Graph Description//EN" "urn:jrds:graphdesc">
<graphdesc>
  <name>mtaMessages</name>
  <graphName>mtamessages-{2}</graphName>
  <graphTitle>Mail traffic in messages on {2} on {1}</graphTitle>
  <verticalLabel>messages/s</verticalLabel>
  <lowerLimit>NaN</lowerLimit>
  <add>
    <name>mtaTransmittedMsg</name>
     <graphType>area</graphType>
    <legend>Transmitted</legend>
  </add>
  <add>
    <name>mtaReceivedMsg</name>
    <reversed>true</reversed>
    <graphType>area</graphType>
    <legend>Received</legend>
  </add>
  <add>
    <name>mtaGroupRejectedMsg</name>
    <reversed>true</reversed>
    <graphType>stack</graphType>
    <legend>Rejected</legend>
  </add>
  <hosttree>
    <pathelement>HOST</pathelement>
    <pathelement>SERVICES</pathelement>
    <pathstring>Mail</pathstring>
    <pathelement>INDEX</pathelement>
    <pathstring>Exchanged messages</pathstring>
  </hosttree>
  <viewtree>
   <pathelement>SERVICES</pathelement>
    <pathstring>Mail</pathstring>
    <pathelement>HOST</pathelement>
    <pathelement>INDEX</pathelement>
    <pathstring>Exchanged messages</pathstring>
   </viewtree>
</graphdesc>
