<?xml version="1.0" encoding="UTF-8"?>
<!DOCTYPE probedesc PUBLIC "-//jrds//DTD Probe Description//EN" "urn:jrds:probedesc">
<probedesc>
	<name>MysqlSlowQuery</name>
	<probeName>MysqlSlowQuery</probeName>
	<probeClass>jrds.probe.jdbc.JdbcTableColumnProbe</probeClass>
	<specific name="query">select COUNT(*) AS SLOW_SQL_COUNTS, INFO AS 	SLOW_SQLS from information_schema.processlist where COMMAND='Query' AND TIME>2 group by SLOW_SQLS order by TIME DESC;</specific>
	<specific name="sumrows">true</specific>
	<specific name="columnsAggSize">10</specific>


	<ds>
		<dsName>SLOW_SQL_COUNTS</dsName>
		<dsType>gauge</dsType>
	</ds>
	<ds>
		<dsName>SLOW_SQLS</dsName>
	</ds>
	<graphs>
		<name>MysqlSlowQueyGraph</name>
	</graphs>

</probedesc>


