<?xml version="1.0" encoding="UTF-8"?>
<!DOCTYPE probedesc PUBLIC "-//jrds//DTD Probe Description//EN" "urn:jrds:probedesc">
<probedesc>
	<name>CpuRaw</name>
	<probeName>cpuraw</probeName>
	<probeClass>jrds.probe.snmp.RdsSnmpSimple</probeClass>
    <specific name="requester">simple</specific>
	<ds>
		<dsName>ssCpuRawUser </dsName>
		<dsType>counter</dsType>
		<oid>.1.3.6.1.4.1.2021.11.50</oid>
	</ds>
	<ds>
		<dsName>ssCpuRawNice </dsName>
		<dsType>counter</dsType>
		<oid>.1.3.6.1.4.1.2021.11.51</oid>
	</ds>
	<ds>
		<dsName>ssCpuRawSystem </dsName>
		<dsType>counter</dsType>
		<oid>.1.3.6.1.4.1.2021.11.52</oid>
	</ds>
	<ds>
		<dsName>ssCpuRawIdle</dsName>
		<dsType>counter</dsType>
		<oid>.1.3.6.1.4.1.2021.11.53</oid>
	</ds>
	<ds>
		<dsName>ssCpuRawWait </dsName>
		<dsType>counter</dsType>
		<oid>.1.3.6.1.4.1.2021.11.54</oid>
	</ds>
	<ds>
		<dsName>ssCpuRawKernel</dsName>
		<dsType>counter</dsType>
		<oid>.1.3.6.1.4.1.2021.11.55</oid>
	</ds>
	<ds>
		<dsName>ssCpuRawInterrupt </dsName>
		<dsType>counter</dsType>
		<oid>.1.3.6.1.4.1.2021.11.56</oid>
	</ds>
	<ds>
		<dsName>ssIORawSent </dsName>
		<dsType>counter</dsType>
		<oid>.1.3.6.1.4.1.2021.11.57</oid>
	</ds>
	<ds>
		<dsName>ssIORawReceived</dsName>
		<dsType>counter</dsType>
		<oid>.1.3.6.1.4.1.2021.11.58</oid>
	</ds>
	<ds>
		<dsName>ssRawInterrupts</dsName>
		<dsType>counter</dsType>
		<oid>.1.3.6.1.4.1.2021.11.59</oid>
	</ds>
	<ds>
		<dsName>ssRawContexts </dsName>
		<dsType>counter</dsType>
		<oid>.1.3.6.1.4.1.2021.11.60</oid>
	</ds>
	<ds>
		<dsName>ssCpuRawSoftIRQ</dsName>
		<dsType>counter</dsType>
		<oid>.1.3.6.1.4.1.2021.11.61</oid>
	</ds>
	<ds>
		<dsName>ssRawSwapIn </dsName>
		<dsType>counter</dsType>
		<oid>.1.3.6.1.4.1.2021.11.62</oid>
	</ds>
	<ds>
		<dsName>ssRawSwapOut</dsName>
		<dsType>counter</dsType>
		<oid>.1.3.6.1.4.1.2021.11.63</oid>
	</ds>
	<graphs>
		<name>cpurawkilinux</name>
		<name>DiskIoGraphReq</name>
		<name>DiskIoGraphSize</name>
	</graphs>
</probedesc>
