<!DOCTYPE graphdesc PUBLIC "-//jrds//DTD Graph Description//EN" "urn:jrds:graphdesc">
<graphdesc>
  <name>pgsqltup</name>
  <graphName>pgsqltup-${index}</graphName>
  <graphTitle>PostgreSQL tup on ${index}</graphTitle>
  <verticalLabel>tup/s</verticalLabel>

  <add>
    <name>tup_returned</name>
    <graphType>area</graphType>
    <legend>tup_returned</legend>
  </add>
  <add>
    <name>tup_fetched</name>
    <graphType>stack</graphType>
    <legend>tup_fetched</legend>
  </add>
  <add>
    <name>tup_inserted</name>
    <graphType>stack</graphType>
    <legend>tup_inserted</legend>
  </add>
  <add>
    <name>tup_updated</name>
    <graphType>stack</graphType>
    <legend>tup_updated</legend>
  </add>
  <add>
    <name>tup_deleted</name>
    <graphType>stack</graphType>
    <legend>tup_deleted</legend>
  </add>

  <hosttree>
    <pathelement>HOST</pathelement>
    <pathelement>SERVICES</pathelement>
    <pathelement>URL</pathelement>
    <pathstring>${index}</pathstring>
    <pathstring>tup</pathstring>
  </hosttree>
  <viewtree>
    <pathelement>SERVICES</pathelement>
    <pathstring>Postgresql</pathstring>
    <pathelement>URL</pathelement>
    <pathstring>${index}</pathstring>
    <pathstring>tup</pathstring>
  </viewtree>
</graphdesc>
