<?xml version="1.0" encoding="UTF-8"?>
<!DOCTYPE graphdesc PUBLIC "-//jrds//DTD Graph Description//EN"
                           "urn:jrds:graphdesc">
<graphdesc>
	<name>AccessMonitorStatus</name>
	<graphName>accessmonstatus-${label}</graphName>
	<graphTitle>Status code for ${label} on ${host}</graphTitle>
	<verticalLabel>request/s</verticalLabel>
	<add>
		<name>status.200</name>
		<graphType>line</graphType>
		<legend>OK</legend>
	</add>
	<add>
		<name>status.301</name>
	</add>
	<add>
		<name>status.302</name>
	</add>
	<add>
		<rpn>status.301, status.302, +</rpn>
		<graphType>line</graphType>
		<legend>Redirect</legend>
	</add>
	<add>
		<name>status.304</name>
		<graphType>line</graphType>
		<legend>Not Modified</legend>
	</add>
	<add>
		<name>status.403</name>
		<graphType>line</graphType>
		<legend>Forbidden</legend>
	</add>
	<add>
		<name>status.404</name>
		<graphType>line</graphType>
		<legend>Not Found</legend>
	</add>
	<add>
		<name>status.503</name>
	</add>
	<add>
		<name>status.500</name>
	</add>
	<add>
		<rpn>status.500, status.503, +</rpn>
		<graphType>line</graphType>
		<legend>Service Unavailable</legend>
	</add>
	<hosttree>
		<pathelement>HOST</pathelement>
		<pathelement>SERVICES</pathelement>
		<pathstring>Web Activity</pathstring>
		<pathstring>${label}</pathstring>
		<pathstring>Requests/s</pathstring>
	</hosttree>
	<viewtree>
		<pathelement>SERVICES</pathelement>
		<pathstring>Web Activity</pathstring>
		<pathstring>Requests/s</pathstring>
		<pathstring>${label}</pathstring>
		<pathelement>HOST</pathelement>
	</viewtree>
</graphdesc>
