<?xml version="1.0" encoding="UTF-8"?>
<!DOCTYPE probedesc PUBLIC "-//jrds//DTD Probe Description//EN" "urn:jrds:probedesc">
<probedesc>
	<name>MySqlStatusGeneric</name>
	<probeName>MySqlStatusGeneric</probeName>
	<probeClass>jrds.probe.jdbc.GenericJdbcProbe</probeClass>
	<specific name="query">SHOW /*!50002 GLOBAL */ STATUS;</specific>
	<specific name="key">Variable_name</specific>
	<specific name="uptimeRow">Uptime.Value</specific>
	<ds>
		<dsName>Aborted_clients</dsName>
		<dsType>counter</dsType>
		<collect>Aborted_clients.Value</collect>
	</ds>
	<ds>
		<dsName>Aborted_connects</dsName>
		<dsType>counter</dsType>
		<collect>Aborted_connects.Value</collect>
	</ds>
	<ds>
		<dsName>Binlog_cache_disk_us</dsName>
		<dsType>counter</dsType>
		<collect>Binlog_cache_disk_usBinlog_cache_disk_use</collect>
	</ds>
	<ds>
		<dsName>Binlog_cache_use</dsName>
		<dsType>counter</dsType>
		<collect>Binlog_cache_use.Value</collect>
	</ds>
	<ds>
		<dsName>Bytes_received</dsName>
		<dsType>counter</dsType>
		<collect>Bytes_received.Value</collect>
	</ds>
	<ds>
		<dsName>Bytes_sent</dsName>
		<dsType>counter</dsType>
		<collect>Bytes_sent.Value</collect>
	</ds>
	<ds>
		<dsName>Com_admin_commands</dsName>
		<dsType>counter</dsType>
		<collect>Com_admin_commands.Value</collect>
	</ds>
	<ds>
		<dsName>Com_select</dsName>
		<dsType>counter</dsType>
		<collect>Com_select.Value</collect>
	</ds>
	<ds>
		<dsName>Com_insert</dsName>
		<dsType>counter</dsType>
		<collect>Com_insert.Value</collect>
	</ds>
	<ds>
		<dsName>Com_replace</dsName>
		<dsType>counter</dsType>
		<collect>Com_replace.Value</collect>
	</ds>
	<ds>
		<dsName>Com_update</dsName>
		<dsType>counter</dsType>
		<collect>Com_update.Value</collect>
	</ds>
	<ds>
		<dsName>Com_delete</dsName>
		<dsType>counter</dsType>
		<collect>Com_delete.Value</collect>
	</ds>
	<ds>
		<dsName>Connections</dsName>
		<dsType>counter</dsType>
		<collect>Connections.Value</collect>
	</ds>
	<ds>
		<dsName>Created_tmp_disk_tab</dsName>
		<dsType>counter</dsType>
		<collect>Created_tmp_disk_tables.Value</collect>
	</ds>
	<ds>
		<dsName>Created_tmp_tables</dsName>
		<dsType>counter</dsType>
		<collect>Created_tmp_tables.Value</collect>
	</ds>
	<ds>
		<dsName>Created_tmp_files</dsName>
		<dsType>counter</dsType>
		<collect>Created_tmp_files.Value</collect>
	</ds>
	<ds>
		<dsName>Delayed_insert_threa</dsName>
		<dsType>gauge</dsType>
		<collect>Delayed_insert_threads.Value</collect>
	</ds>
	<ds>
		<dsName>Delayed_writes</dsName>
		<dsType>counter</dsType>
		<collect>Delayed_writes.Value</collect>
	</ds>
	<ds>
		<dsName>Delayed_errors</dsName>
		<dsType>counter</dsType>
		<collect>Delayed_errors.Value</collect>
	</ds>
	<ds>
		<dsName>Flush_commands</dsName>
		<dsType>counter</dsType>
		<collect>Flush_commands.Value</collect>
	</ds>
	<ds>
		<dsName>Idb_bp_pages_data</dsName>
		<dsType>gauge</dsType>
		<collect>Innodb_buffer_pool_pages_data.Value</collect>
	</ds>
	<ds>
		<dsName>Idb_bp_pages_dirty</dsName>
		<dsType>gauge</dsType>
		<collect>Innodb_buffer_pool_pages_dirty.Value</collect>
	</ds>
	<ds>
		<dsName>Idb_bp_pages_flushed</dsName>
		<dsType>counter</dsType>
		<collect>Innodb_buffer_pool_pages_flushed.Value</collect>
	</ds>
	<ds>
		<dsName>Idb_bp_pages_free</dsName>
		<dsType>gauge</dsType>
		<collect>Innodb_buffer_pool_pages_free.Value</collect>
	</ds>
	<ds>
		<dsName>Idb_bp_read_requests</dsName>
		<dsType>counter</dsType>
		<collect>Innodb_buffer_pool_read_requests.Value</collect>
	</ds>
	<ds>
		<dsName>Idb_bp_write_req</dsName>
		<dsType>counter</dsType>
		<collect>Innodb_buffer_pool_write_requests.Value</collect>
	</ds>
	<ds>
		<dsName>Innodb_data_read</dsName>
		<dsType>counter</dsType>
		<collect>Innodb_data_read.Value</collect>
	</ds>
	<ds>
		<dsName>Innodb_data_reads</dsName>
		<dsType>counter</dsType>
		<collect>Innodb_data_reads.Value</collect>
	</ds>
	<ds>
		<dsName>Innodb_data_writes</dsName>
		<dsType>counter</dsType>
		<collect>Innodb_data_writes.Value</collect>
	</ds>
	<ds>
		<dsName>Innodb_data_written</dsName>
		<dsType>counter</dsType>
		<collect>Innodb_data_written.Value</collect>
	</ds>
	<ds>
		<dsName>Innodb_log_waits</dsName>
		<dsType>counter</dsType>
		<collect>Innodb_log_waits.Value</collect>
	</ds>
	<ds>
		<dsName>Innodb_log_writes</dsName>
		<dsType>counter</dsType>
		<collect>Innodb_log_writes.Value</collect>
	</ds>
	<ds>
		<dsName>Innodb_log_write_req</dsName>
		<dsType>counter</dsType>
		<collect>Innodb_log_write_requests.Value</collect>
	</ds>
	<ds>
		<dsName>Innodb_p_created</dsName>
		<dsType>counter</dsType>
		<collect>Innodb_pages_created.Value</collect>
	</ds>
	<ds>
		<dsName>Innodb_p_read</dsName>
		<dsType>counter</dsType>
		<collect>Innodb_pages_read.Value</collect>
	</ds>
	<ds>
		<dsName>Innodb_p_written</dsName>
		<dsType>counter</dsType>
		<collect>Innodb_pages_written.Value</collect>
	</ds>
	<ds>
		<dsName>Idb_row_lock_waits</dsName>
		<dsType>counter</dsType>
		<collect>Innodb_row_lock_waits.Value</collect>
	</ds>
	<ds>
		<dsName>Key_blocks_used</dsName>
		<dsType>counter</dsType>
		<collect>Key_blocks_used.Value</collect>
	</ds>
	<ds>
		<dsName>Key_read_requests</dsName>
		<dsType>counter</dsType>
		<collect>Key_read_requests.Value</collect>
	</ds>
	<ds>
		<dsName>Key_reads</dsName>
		<dsType>counter</dsType>
		<collect>Key_reads.Value</collect>
	</ds>
	<ds>
		<dsName>Key_write_requests</dsName>
		<dsType>counter</dsType>
		<collect>Key_write_requests.Value</collect>
	</ds>
	<ds>
		<dsName>Key_writes</dsName>
		<dsType>counter</dsType>
		<collect>Key_writes.Value</collect>
	</ds>
	<ds>
		<dsName>Max_used_connections</dsName>
		<dsType>counter</dsType>
		<collect>Max_used_connections.Value</collect>
	</ds>
	<ds>
		<dsName>Not_flushed_key_bloc</dsName>
		<dsType>counter</dsType>
		<collect>Not_flushed_key_blocks.Value</collect>
	</ds>
	<ds>
		<dsName>Not_flushed_delayed_</dsName>
		<dsType>counter</dsType>
		<collect>Not_flushed_delayed_rows.Value</collect>
	</ds>
	<ds>
		<dsName>Open_tables</dsName>
		<dsType>gauge</dsType>
		<collect>Open_tables.Value</collect>
	</ds>
	<ds>
		<dsName>Open_files</dsName>
		<dsType>gauge</dsType>
		<collect>Open_files.Value</collect>
	</ds>
	<ds>
		<dsName>Open_streams</dsName>
		<dsType>gauge</dsType>
		<collect>Open_streams.Value</collect>
	</ds>
	<ds>
		<dsName>Opened_tables</dsName>
		<dsType>counter</dsType>
		<collect>Opened_tables.Value</collect>
	</ds>
	<ds>
		<dsName>Questions</dsName>
		<dsType>counter</dsType>
		<collect>Questions.Value</collect>
	</ds>
	<ds>
		<dsName>Qcache_queries_in_ca</dsName>
		<dsType>gauge</dsType>
		<collect>Qcache_queries_in_cache.Value</collect>
	</ds>
	<ds>
		<dsName>Qcache_inserts</dsName>
		<dsType>counter</dsType>
		<collect>Qcache_inserts.Value</collect>
	</ds>
	<ds>
		<dsName>Qcache_hits</dsName>
		<dsType>counter</dsType>
		<collect>Qcache_hits.Value</collect>
	</ds>
	<ds>
		<dsName>Qcache_lowmem_prunes</dsName>
		<dsType>counter</dsType>
		<collect>Qcache_lowmem_prunes.Value</collect>
	</ds>
	<ds>
		<dsName>Qcache_not_cached</dsName>
		<dsType>counter</dsType>
		<collect>Qcache_not_cached。Value</collect>
	</ds>
	<ds>
		<dsName>Qcache_free_memory</dsName>
		<dsType>gauge</dsType>
		<collect>Qcache_free_memory.Value</collect>
	</ds>
	<ds>
		<dsName>Qcache_free_blocks</dsName>
		<dsType>gauge</dsType>
		<collect>Qcache_free_blocks.Value</collect>
	</ds>
	<ds>
		<dsName>Qcache_total_blocks</dsName>
		<dsType>gauge</dsType>
		<collect>Qcache_total_blocks.Value</collect>
	</ds>
	<ds>
		<dsName>Select_full_jobs</dsName>
		<dsType>counter</dsType>
		<collect>Select_full_jobs.Value</collect>
	</ds>
	<ds>
		<dsName>Select_full_range_jo</dsName>
		<dsType>counter</dsType>
		<collect>Select_full_range_join.Value</collect>
	</ds>
	<ds>
		<dsName>Select_range</dsName>
		<dsType>counter</dsType>
		<collect>Select_range.Value</collect>
	</ds>
	<ds>
		<dsName>Select_range_check</dsName>
		<dsType>counter</dsType>
		<collect>Select_range_check.Value</collect>
		<defaultValue>0</defaultValue>
	</ds>
	<ds>
		<dsName>Select_scan</dsName>
		<dsType>counter</dsType>
		<collect>Select_scan.Value</collect>
	</ds>
	<ds>
		<dsName>Select_full_join</dsName>
		<dsType>counter</dsType>
		<collect>Select_full_join.Value</collect>
		<defaultValue>0</defaultValue>
	</ds>
	<ds>
		<dsName>Slave_open_temp_tabl</dsName>
		<dsType>counter</dsType>
		<collect>Slave_open_temp_tables.Value</collect>
	</ds>
	<ds>
		<dsName>Slow_launch_threads</dsName>
		<dsType>counter</dsType>
		<collect>Slow_launch_threads.Value</collect>
	</ds>
	<ds>
		<dsName>Slow_queries</dsName>
		<dsType>counter</dsType>
		<collect>Slow_queries.Value</collect>
	</ds>
	<ds>
		<dsName>Sort_merge_passes</dsName>
		<dsType>counter</dsType>
		<collect>Sort_merge_passes.Value</collect>
	</ds>
	<ds>
		<dsName>Sort_range</dsName>
		<dsType>counter</dsType>
		<collect>Sort_range.Value</collect>
	</ds>
	<ds>
		<dsName>Sort_rows</dsName>
		<dsType>counter</dsType>
		<collect>Sort_rows.Value</collect>
	</ds>
	<ds>
		<dsName>Sort_scan</dsName>
		<dsType>counter</dsType>
		<collect>Sort_scan.Value</collect>
	</ds>
	<ds>
		<dsName>Table_locks_immediat</dsName>
		<dsType>counter</dsType>
		<collect>Table_locks_immediate.Value</collect>
	</ds>
	<ds>
		<dsName>Table_locks_waited</dsName>
		<dsType>counter</dsType>
		<collect>.Table_locks_waitedValue</collect>
	</ds>
	<ds>
		<dsName>Threads_cached</dsName>
		<dsType>gauge</dsType>
		<collect>Threads_cached.Value</collect>
	</ds>
	<ds>
		<dsName>Threads_connected</dsName>
		<dsType>gauge</dsType>
		<collect>Threads_connected.Value</collect>
	</ds>
	<ds>
		<dsName>Threads_created</dsName>
		<dsType>counter</dsType>
		<collect>Threads_created.Value</collect>
	</ds>
	<ds>
		<dsName>Threads_running</dsName>
		<dsType>gauge</dsType>
		<collect>Threads_running.Value</collect>
	</ds>
	<graphs>
		<name>MysqlStatusCacheHits</name>
		<name>MysqlStatusOperations</name>
		<name>MysqlStatusBytes</name>
		<name>MysqlStatusQueries</name>
		<name>MysqlThreads</name>
		<name>MysqlStatusKeysActivity</name>
		<name>MysqlStatusTempTables</name>
		<name>MysqlStatusBadJoin</name>
	</graphs>
</probedesc>
