<?xml version="1.0" encoding="UTF-8"?>
<!DOCTYPE probedesc PUBLIC "-//jrds//DTD Probe Description//EN" "urn:jrds:probedesc">
<probedesc>
	<name>MysqlWaitLocks</name>
	<probeName>MysqlWaitLocks</probeName>
	<probeClass>jrds.probe.jdbc.JdbcTableColumnProbe</probeClass>
	<specific name="query">select count(*) as Wait_Locks from information_schema.INNODB_LOCK_WAITS ;</specific>
	<ds>
		<dsName> Wait_Locks</dsName>
		<dsType>gauge</dsType>
	</ds>
	<graphs>
	<name>MysqlWaitLocksGraph</name>
</graphs>
</probedesc>


