<?xml version="1.0" encoding="UTF-8"?>
<!DOCTYPE graphdesc PUBLIC "-//jrds//DTD Graph Description//EN" "urn:jrds:graphdesc">
<graphdesc>
	<name>CiscoPixConnections</name>
	<graphName>ciscopixconnections</graphName>
	<graphTitle>IP connections in use on pix {1}</graphTitle>
	<verticalLabel>Connections</verticalLabel>
	<add>
		<name>currentInUse</name>
		<graphType>area</graphType>
		<color>green</color>
		<legend>IP connections in use</legend>
	</add>
	<hosttree>
		<pathelement>HOST</pathelement>
		<pathelement>NETWORK</pathelement>
		<pathstring>Firewall</pathstring>
		<pathstring>IP Connections</pathstring>
	</hosttree>
	<viewtree>
		<pathelement>NETWORK</pathelement>
		<pathstring>Firewall</pathstring>
		<pathelement>HOST</pathelement>
		<pathstring>IP Connections</pathstring>
	</viewtree>
</graphdesc>
