<?xml version="1.0" encoding="UTF-8"?>
<!DOCTYPE graphdesc PUBLIC "-//jrds//DTD Graph Description//EN" "urn:jrds:graphdesc">
<graphdesc>
  <name>MycatConnectionGraph</name>
  <graphName>MycatConnectionGraph</graphName>
  <graphTitle>Mycat Connections Graph </graphTitle>

  <verticalLabel>Connections</verticalLabel>
  <add>
    <name>FC_COUNT</name>
    <graphType>line</graphType>
    <legend>Front Cons</legend>
  </add>
  <add>
    <name>BC_COUNT</name>
    <graphType>line</graphType>
    <legend>Back Cons</legend>
  </add>
  <hosttree>
    <pathelement>HOST</pathelement>
    <pathelement>SERVICES</pathelement>
    <pathelement>URL</pathelement>
    <pathstring>Mycat IO Flux</pathstring>
  </hosttree>
  <viewtree>
    <pathelement>SERVICES</pathelement>
    <pathstring>Mycat</pathstring>
    <pathelement>URL</pathelement>
    <pathstring>Mycat Connections Graph</pathstring>
  </viewtree>
</graphdesc>
