<?xml version="1.0" encoding="ISO-8859-1"?>
<!DOCTYPE probedesc PUBLIC "-//jrds//DTD Probe Description//EN"
	"urn:jrds:probedesc">
<probedesc>
	<name>ApacheStatusDetails</name>
	<probeName>apachestatus_${index}</probeName>
	<probeClass>jrds.probe.ApacheStatusDetails</probeClass>
	<defaultargs>
		<attr name="port">80</attr>
		<attr name="file">/server-status</attr>
	</defaultargs>
	<ds>
		<dsName>Total Accesses</dsName>
		<dsType>counter</dsType>
	</ds>
	<ds>
		<dsName>Total kBytes</dsName>
		<dsType>counter</dsType>
	</ds>
	<ds>
		<dsName>CPULoad</dsName>
		<dsType>gauge</dsType>
	</ds>
<!--	<ds>-->
<!--		<dsName>Uptime</dsName>-->
<!--		<dsType>none</dsType>-->
<!--	</ds>-->
	<ds>
		<dsName>ReqPerSec</dsName>
		<dsType>gauge</dsType>
	</ds>
	<ds>
		<dsName>BytesPerSec</dsName>
		<dsType>gauge</dsType>
	</ds>
	<ds>
		<dsName>BytesPerReq</dsName>
		<dsType>gauge</dsType>
	</ds>
	<ds>
		<dsName>BusyWorkers</dsName>
		<dsType>gauge</dsType>
	</ds>
	<ds>
		<dsName>IdleWorkers</dsName>
		<dsType>gauge</dsType>
	</ds>
	<ds>
		<dsName>WAITING</dsName>
		<dsType>gauge</dsType>
	</ds>
	<ds>
		<dsName>STARTING</dsName>
		<dsType>gauge</dsType>
	</ds>
	<ds>
		<dsName>READING</dsName>
		<dsType>gauge</dsType>
	</ds>
	<ds>
		<dsName>SENDING</dsName>
		<dsType>gauge</dsType>
	</ds>
	<ds>
		<dsName>KEEPALIVE</dsName>
		<dsType>gauge</dsType>
	</ds>
	<ds>
		<dsName>DNS</dsName>
		<dsType>gauge</dsType>
	</ds>
	<ds>
		<dsName>CLOSING</dsName>
		<dsType>gauge</dsType>
	</ds>
	<ds>
		<dsName>LOGGING</dsName>
		<dsType>gauge</dsType>
	</ds>
	<ds>
		<dsName>GRACEFULLY</dsName>
		<dsType>gauge</dsType>
	</ds>
	<ds>
		<dsName>IDLE</dsName>
		<dsType>gauge</dsType>
	</ds>
	<ds>
		<dsName>OPEN</dsName>
		<dsType>gauge</dsType>
	</ds>
	<graphs>
		<name>ApacheRequests</name>
		<name>ApacheTransfer</name>
		<name>ApacheWorkersDetails</name>
	</graphs>
</probedesc>
