<?xml version="1.0" encoding="UTF-8"?>
<!DOCTYPE graphdesc PUBLIC "-//jrds//DTD Graph Description//EN"
	"urn:jrds:graphdesc">
<graphdesc>
	<name>VIPF5ConnDur</name>
	<graphName>vipf5connndur-${index}</graphName>
	<graphTitle>Connections duration on VIP ${index} on ${host}</graphTitle>
	<verticalLabel>s</verticalLabel>
	<lowerLimit>NaN</lowerLimit>
	<logarithmic />
	<add>
		<name>CsMaxConnDur</name>
	</add>
	<add>
		<rpn>CsMaxConnDur, 1000, /</rpn>
		<graphType>area</graphType>
		<color>#00BF32</color>
		<legend>The maximum connection duration</legend>
	</add>
	<add>
		<name>CsMeanConnDur</name>
	</add>
	<add>
		<rpn>CsMeanConnDur, 1000, /</rpn>
		<graphType>area</graphType>
		<color>#9FEE00</color>
		<legend>The average connection duration</legend>
	</add>
	<add>
		<name>CsMinConnDur</name>
	</add>
	<add>
		<rpn>CsMinConnDur, 1000, /</rpn>
		<graphType>area</graphType>
		<color>#FFF700</color>
		<legend>The minimum connection duration</legend>
	</add>
	<hosttree>
		<pathelement>HOST</pathelement>
		<pathelement>SERVICES</pathelement>
		<pathstring>F5</pathstring>
		<pathstring>VIP</pathstring>
		<pathstring>${index}</pathstring>
		<pathstring>Connection duration</pathstring>
	</hosttree>
	<viewtree>
		<pathelement>SERVICES</pathelement>
		<pathstring>F5</pathstring>
		<pathstring>VIP</pathstring>
		<pathstring>${index}</pathstring>
		<pathstring>Connection duration</pathstring>
		<pathelement>HOST</pathelement>
	</viewtree>
</graphdesc>