<?xml version="1.0" encoding="UTF-8"?>
<!DOCTYPE probedesc PUBLIC "-//jrds//DTD Probe Description//EN" "urn:jrds:probedesc">
<probedesc>
	<name>MysqlSlaveStatus</name>
	<probeName>MysqlSlaveStatus</probeName>
	<probeClass>jrds.probe.jdbc.JdbcTableColumnProbe</probeClass>
	<specific name="query">SHOW SLAVE STATUS;</specific>
	<ds>
		<dsName> Slave_IO_State</dsName>
	</ds>
	<ds>
		<dsName>Seconds_Behind_Master</dsName>
		<dsType>Gauge</dsType>
	</ds>
	<graphs>
	<name>MysqlSlaveStatusGraph</name>
</graphs>
</probedesc>


