<?xml version="1.0" encoding="ISO-8859-1"?>
<!DOCTYPE probedesc PUBLIC "-//jrds//DTD Probe Description//EN" "urn:jrds:probedesc">
<probedesc>
    <name>Mem</name>
    <probeName>memory</probeName>
    <probeClass>jrds.probe.snmp.RdsSnmpSimple</probeClass>
 	<specific name="existOid">.1.3.6.1.4.1.2021.4.1.0</specific>
	<specific name="requester">simple</specific>
    <ds>
        <dsName>memTotalSwap</dsName>
        <dsType>gauge</dsType>
        <oid>1.3.6.1.4.1.2021.4.3</oid>
    </ds>
    <ds>
        <dsName>memAvailSwap</dsName>
        <dsType>gauge</dsType>
        <oid>1.3.6.1.4.1.2021.4.4</oid>
    </ds>
    <ds>
        <dsName>memTotalReal</dsName>
        <dsType>gauge</dsType>
        <oid>1.3.6.1.4.1.2021.4.5</oid>
    </ds>
    <ds>
        <dsName>memAvailReal</dsName>
        <dsType>gauge</dsType>
        <oid>1.3.6.1.4.1.2021.4.6</oid>
    </ds>
    <graphs>
        <name>MemGraph</name>
    </graphs>
</probedesc>
