<?xml version="1.0" encoding="UTF-8"?>
<!DOCTYPE graphdesc PUBLIC "-//jrds//DTD Graph Description//EN"
    "urn:jrds:graphdesc">
<graphdesc>
    <name>tmmcnxactv</name>
    <graphName>tmmcnxactv-{2}</graphName>
    <graphTitle>TMM connections activity</graphTitle>
    <verticalLabel>connections/s</verticalLabel>
    <add>
        <name>ClientTotConns</name>
        <graphType>line</graphType>
        <legend>Client side connections creation</legend>
    </add>
    <add>
        <name>ServerTotConns</name>
        <graphType>line</graphType>
        <legend>Server side connections creation</legend>
    </add>

  <hosttree>
    <pathelement>HOST</pathelement>
    <pathelement>SERVICES</pathelement>
    <pathstring>F5</pathstring>
    <pathstring>TMM</pathstring>
    <pathelement>INDEX</pathelement>
    <pathstring>Connections activity</pathstring>
  </hosttree>
  <viewtree>
    <pathelement>SERVICES</pathelement>
    <pathstring>F5</pathstring>
    <pathstring>TMM</pathstring>
    <pathelement>INDEX</pathelement>
    <pathstring>Connections activity</pathstring>
    <pathelement>HOST</pathelement>
  </viewtree>
</graphdesc>