<?xml version="1.0" encoding="ISO-8859-1"?>
<!DOCTYPE probedesc PUBLIC "-//jrds//DTD Probe Description//EN" "urn:jrds:probedesc">
<probedesc>
  <name>ProcessStatusSolaris</name>
  <probeName>pslist</probeName>
  <probeClass>jrds.probe.snmp.ProcessStatusSolaris</probeClass>
    <specific name="requester">tabular</specific>
  <ds>
    <!-- <dsName>psProcessState</dsName> -->
    <oid>1.3.6.1.4.1.42.3.12.1.5</oid>
  </ds>
  <ds>
    <dsName>R</dsName>
    <dsType>gauge</dsType>
  </ds>
  <ds>
    <dsName>T</dsName>
    <dsType>gauge</dsType>
  </ds>
  <ds>
    <dsName>P</dsName>
    <dsType>gauge</dsType>
  </ds>
  <ds>
    <dsName>D</dsName>
    <dsType>gauge</dsType>
  </ds>
  <ds>
    <dsName>S</dsName>
    <dsType>gauge</dsType>
  </ds>
  <ds>
    <dsName>I</dsName>
    <dsType>gauge</dsType>
  </ds>
  <ds>
    <dsName>Z</dsName>
    <dsType>gauge</dsType>
  </ds>
  <graphs>
    <name>processstatus</name>
  </graphs>
</probedesc>
