<?xml version="1.0" encoding="ISO-8859-1"?>
<!DOCTYPE probedesc PUBLIC "-//jrds//DTD Probe Description//EN" "urn:jrds:probedesc">
<probedesc>
    <name>UcdRawSystemCounter</name>
    <probeName>ucdrawsystem</probeName>
    <probeClass>jrds.probe.snmp.RdsSnmpSimple</probeClass>
    <specific name="requester">simple</specific>
    <ds>
        <dsName>ssIORawSent</dsName>
        <dsType>counter</dsType>
        <oid>1.3.6.1.4.1.2021.11.57</oid>
    </ds>
    <ds>
        <dsName>ssIORawReceived</dsName>
        <dsType>counter</dsType>
        <oid>1.3.6.1.4.1.2021.11.58</oid>
    </ds>
    <ds>
        <dsName>ssRawInterrupts</dsName>
        <dsType>counter</dsType>
        <oid>1.3.6.1.4.1.2021.11.59</oid>
    </ds>
    <ds>
        <dsName>ssRawContexts</dsName>
        <dsType>counter</dsType>
        <oid>1.3.6.1.4.1.2021.11.60</oid>
    </ds>
    <ds>
        <dsName>ssRawSwapIn</dsName>
        <dsType>counter</dsType>
        <oid>1.3.6.1.4.1.2021.11.62</oid>
    </ds>
    <ds>
        <dsName>ssRawSwapOut</dsName>
        <dsType>counter</dsType>
        <oid>1.3.6.1.4.1.2021.11.63</oid>
    </ds>
    <graphs>
        <name>Ucdswap</name>
    </graphs>
</probedesc>
