<?xml version="1.0" encoding="UTF-8"?>
<!DOCTYPE probedesc PUBLIC "-//jrds//DTD Probe Description//EN" "urn:jrds:probedesc">
<probedesc>
  <name>ciscocpuload</name>
  <probeName>ciscocpuload</probeName>
  <probeClass>jrds.probe.snmp.RdsIndexedSnmpRrd</probeClass>
  <specific name="requester">simple</specific>
  <ds>
    <dsName>la1</dsName>
    <dsType>gauge</dsType>
    <oid>.1.3.6.1.4.1.9.2.1.57</oid>
  </ds>
  <ds>
    <dsName>la5</dsName>
    <dsType>gauge</dsType>
    <oid>.1.3.6.1.4.1.9.2.1.58</oid>
  </ds>
  <graphs>
    <name>cpuload</name>
  </graphs>
</probedesc>
