<?xml version="1.0" encoding="UTF-8"?>
<!DOCTYPE probedesc PUBLIC "-//jrds//DTD Probe Description//EN" "urn:jrds:probedesc" >
<probedesc>
	<name >CiscoSVC</name>
	<probeName>ciscosvc</probeName>
	<probeClass>jrds.probe.snmp.RdsSnmpSimple</probeClass>
	<specific name="requester">simple</specific>
	<ds>
		<dsName>crasSVCNumSessions</dsName>
		<dsType>GAUGE</dsType>
		<oid>1.3.6.1.4.1.9.9.392.1.3.35</oid>
	</ds>
	<ds>
		<dsName>crasSVCCumulateSessions</dsName>
		<dsType>COUNTER</dsType>
		<oid>1.3.6.1.4.1.9.9.392.1.3.36</oid>
	</ds>
	<graphs />
</probedesc>
