<?xml version="1.0" encoding="UTF-8"?>
<!DOCTYPE graphdesc PUBLIC "-//jrds//DTD Graph Description//EN" "urn:jrds:graphdesc">
<graphdesc>
	<name>VarnishCacheStats</name>
	<graphName>VarnishCacheStats</graphName>
	<graphTitle>Cache stats</graphTitle>
	<verticalLabel>hits/s</verticalLabel>
	<add>
		<name>cachehits</name>
		<graphType>area</graphType>
		<legend>Cache hits</legend>
	</add>
	<add>
		<name>cachemisses</name>
		<graphType>stack</graphType>
		<legend>Cache misses</legend>
	</add>
	<hosttree>
		<pathelement>HOST</pathelement>
		<pathelement>SERVICES</pathelement>
      <pathstring>Varnish</pathstring>
		<pathstring>Cache</pathstring>
	</hosttree>
   <viewtree>
      <pathelement>SERVICES</pathelement>
      <pathstring>Varnish</pathstring>
      <pathelement>HOST</pathelement>
      <pathstring>Cache</pathstring>
   </viewtree>
</graphdesc>
