<?xml version="1.0" encoding="UTF-8"?>
<!DOCTYPE graphdesc PUBLIC "-//jrds//DTD Graph Description//EN"
	"urn:jrds:graphdesc">
<graphdesc>
	<name>VIPF5Bytes</name>
	<graphName>vipf5bytes-${index}</graphName>
	<graphTitle>Bits exchanged on VIP ${index} on ${host}</graphTitle>
	<verticalLabel>bits/s</verticalLabel>
	<lowerLimit>NaN</lowerLimit>
	<add>
		<name>ClientBytesOut</name>
	</add>
	<add>
		<name>ClientBitsOut</name>
		<rpn>ClientBytesOut,8,*</rpn>
		<graphType>area</graphType>
		<legend>bits sends/s</legend>
	</add>
	<add>
		<name>ClientBytesIn</name>
	</add>
	<add>
		<name>ClientBitsIn</name>
		<rpn>ClientBytesIn,8,*</rpn>
		<reversed>true</reversed>
		<graphType>area</graphType>
		<legend>bits received/s</legend>
	</add>
	<hosttree>
		<pathelement>HOST</pathelement>
		<pathelement>SERVICES</pathelement>
		<pathstring>F5</pathstring>
		<pathstring>VIP</pathstring>
		<pathstring>${index}</pathstring>
		<pathstring>Bits exchanged</pathstring>
	</hosttree>
	<viewtree>
		<pathelement>SERVICES</pathelement>
		<pathstring>F5</pathstring>
		<pathstring>VIP</pathstring>
		<pathstring>${index}</pathstring>
		<pathstring>Bits exchanged</pathstring>
		<pathelement>HOST</pathelement>
	</viewtree>
</graphdesc>