<?xml version="1.0" encoding="UTF-8"?>
<!DOCTYPE probedesc PUBLIC "-//jrds//DTD Probe Description//EN" "urn:jrds:probedesc">
<probedesc>
	<name>MycatThreadPool</name>
	<probeName>MycatThreadPool</probeName>
	<probeClass>jrds.probe.jdbc.JdbcTableColumnProbe</probeClass>
	<specific name="query">SHOW @@THREADPOOL</specific>
	<specific name="sumrows">true</specific>
	<ds>
		<dsName>ACTIVE_COUNT</dsName>
		<dsType>gauge</dsType>
	</ds>
	<ds>
		<dsName>TASK_QUEUE_SIZE</dsName>
		<dsType>gauge</dsType>
	</ds>
	<ds>
		<dsName>TOTAL_TASK</dsName>
		<dsType>counter</dsType>
	</ds>
	<graphs>
		<name>MycatActiveThreadGraph</name>
		<name>MycatTaskQueueGraph</name>
		<name>MycatTPSGraph</name>
		
	</graphs>
</probedesc>


