<?xml version="1.0" encoding="UTF-8"?>
<!DOCTYPE probedesc PUBLIC "-//jrds//DTD Probe Description//EN" "urn:jrds:probedesc">
<probedesc>
	<name>MycatNodePerf</name>
	<probeName>MycatNodePerf</probeName>
	<probeClass>jrds.probe.jdbc.PowerJdbcProbe</probeClass>
	<specific name="query">SHOW @@datanode</specific>
	<specific name="keyAndValuePairs">NAME;EXECUTE;ACTIVE</specific>
	<!-- <specific name="uptimeRow">Uptime.Value</specific>  -->
	<ds>
		<dsName>EXECUTE</dsName>
		<dsType>counter</dsType>
		<!-- <minValue>0</minValue> -->
		<!-- <maxValue>10000</minValue> -->
	</ds>
	<ds>
		<dsName>ACTIVE</dsName>
		<dsType>gauge</dsType>
		<!--<minValue>0</minValue>-->
		<!--<maxValue>1000</minValue>-->
	</ds>
	<graphs>
		<name>DataNodeFluxGraph</name>
		<name>DataNodeConPoolGraph</name>
	</graphs>
</probedesc>
