<?xml version="1.0" encoding="UTF-8"?>
<!DOCTYPE graphdesc PUBLIC "-//jrds//DTD Graph Description//EN"
                           "urn:jrds:graphdesc">
<graphdesc>
	<name>OpenLdap</name>
	<graphName>openldap</graphName>
	<graphTitle>LDAP operations on ${host}</graphTitle>
	<verticalLabel>op/s</verticalLabel>
	<add>
		<name>base_c</name>
		<graphType>line</graphType>
		<legend>All operations</legend>
	</add>
	<add>
		<name>bind_c</name>
		<graphType>line</graphType>
		<legend>Bind operations</legend>
	</add>
	<add>
		<name>search_c</name>
		<graphType>line</graphType>
		<legend>Search operations</legend>
	</add>
	<hosttree>
		<pathelement>HOST</pathelement>
		<pathelement>SERVICES</pathelement>
		<pathstring>OpenLdap</pathstring>
	</hosttree>
	<viewtree>
		<pathelement>SERVICES</pathelement>
		<pathstring>OpenLdap</pathstring>
		<pathelement>HOST</pathelement>
	</viewtree>
</graphdesc>
