<?xml version="1.0" encoding="UTF-8"?>
<!DOCTYPE mapper PUBLIC "-//mybatis.org//DTD Mapper 3.0//EN" 
"http://mybatis.org/dtd/mybatis-3-mapper.dtd">

<mapper namespace="SYSSQLTABLE"> 
	
	<select id="insert" parameterType="map">
		INSERT INTO t_mycat_syssqltable (
			DB_TABLE,
		    RELACOUNT,
			R, 
			PERCENT_R,
			W,
			RELATABLE,
			ID,
			LAST_TIME,
			LAST_TM
		) 
		values(
			#{TABLE, jdbcType=VARCHAR},
			#{RELACOUNT, jdbcType=VARCHAR},
			#{R, jdbcType=NUMERIC,typeHandler=NumberHandler}, 		
			#{PERCENT_R, jdbcType=VARCHAR},
			#{W, jdbcType=NUMERIC,typeHandler=NumberHandler}, 	
			#{RELATABLE, jdbcType=VARCHAR},
			#{ID, jdbcType=NUMERIC,typeHandler=NumberHandler},  
			#{LAST_TIME, jdbcType=NUMERIC, typeHandler=NumberHandler },  
			#{LAST_TM, jdbcType=TIMESTAMP, javaType=java.util.Date }
		)
	</select>
	
	
	<update id="update" parameterType="map">
		update  t_mycat_syssqltable 
		<set>
			<if test="RELACOUNT != null">
				RELACOUNT = #{RELACOUNT, jdbcType=VARCHAR},
			</if>
			<if test="R != null">
				R = #{R, jdbcType=NUMERIC,typeHandler=NumberHandler}, 
			</if>
			<if test="PERCENT_R != null">
				PERCENT_R = #{PERCENT_R, jdbcType=VARCHAR},
			</if>
			<if test="W != null">
				W = #{W, jdbcType=NUMERIC,typeHandler=NumberHandler}, 
			</if>
			<if test="RELATABLE != null">
				RELATABLE = #{RELATABLE, jdbcType=VARCHAR},
			</if>
			<if test="ID != null">
				ID = #{ID, jdbcType=NUMERIC,typeHandler=NumberHandler},  
			</if>
			<if test="LAST_TIME != null">
				LAST_TIME = #{LAST_TIME, jdbcType=NUMERIC, typeHandler=NumberHandler },    
			</if>
			<if test="LAST_TM != null">
				LAST_TM = #{LAST_TM, jdbcType=TIMESTAMP, javaType=java.util.Date }
			</if>
		</set> 
		<where>  
			<if test="TABLE != null">
				DB_TABLE = #{TABLE, jdbcType=VARCHAR}
			</if> 
		</where>
	</update>
	
	<select id="query" parameterType="map" resultType="map">
		select DB_TABLE,
		    RELACOUNT,
			R, 
			PERCENT_R,
			W,
			RELATABLE,
			ID,
			LAST_TIME,
			LAST_TM
			from t_mycat_syssqltable 
		<where>  
			<if test="TABLE != null">
				and DB_TABLE = #{TABLE}
			</if>  
		</where>
		 limit 1;
	</select>
	
	<select id="sqlsumtable" parameterType="map" resultType="map">
		select DB_TABLE,
		    RELACOUNT,
			R, 
			PERCENT_R,
			W,
			RELATABLE,
			ID,
			LAST_TIME,
			LAST_TM
			from t_mycat_syssqltable 
		<where> 
			<if test="begin != null and end != null">
				and LAST_TM between #{begin} and #{end}
			</if> 
			 
		</where>
	</select>
	
	<select id="sqlsumtableCount" parameterType="map" resultType="int">
		select count(1) from t_mycat_syssqltable 
		<where> 
			<if test="begin != null and end != null">
				and LAST_TM between #{begin} and #{end}
			</if> 
		</where> 
	</select>
</mapper>