<?xml version="1.0" encoding="UTF-8"?>
<!DOCTYPE graphdesc PUBLIC "-//jrds//DTD Graph Description//EN"
                           "urn:jrds:graphdesc">
<graphdesc>
    <name>ProcessInfoNumber</name>
    <graphName>psnum-{2}</graphName>
    <graphTitle>Number of Process {2} on {1}</graphTitle>
    <verticalLabel/>
    <add>
        <name>Number</name>
        <graphType>line</graphType>
        <color>BLUE</color>
        <legend>Number</legend>
    </add>
    <hosttree>
        <pathelement>HOST</pathelement>
        <pathelement>SYSTEM</pathelement>
        <pathstring>Processus</pathstring>
        <pathelement>INDEX</pathelement>
        <pathstring>Number of Process</pathstring>
    </hosttree>
    <viewtree>
        <pathelement>SYSTEM</pathelement>
        <pathstring>Processus</pathstring>
        <pathelement>HOST</pathelement>
        <pathelement>INDEX</pathelement>
        <pathstring>Number of Process</pathstring>
    </viewtree>
</graphdesc>
