<?xml version="1.0" encoding="UTF-8"?>
<!DOCTYPE probedesc PUBLIC "-//jrds//DTD Probe Description//EN" "urn:jrds:probedesc">
<probedesc>
	<name>CpuLoadFloat</name>
	<probeName>laverage</probeName>
	<probeClass>jrds.probe.snmp.Raw</probeClass>
	<specific name="requester">RAW</specific>
	<ds>
		<dsName>la1</dsName>
		<dsType>gauge</dsType>
		<oid>.1.3.6.1.4.1.2021.10.1.6.1</oid>
	</ds>
	<ds>
		<dsName>la5</dsName>
		<dsType>gauge</dsType>
		<oid>.1.3.6.1.4.1.2021.10.1.6.2</oid>
	</ds>
	<ds>
		<dsName>la15</dsName>
		<dsType>gauge</dsType>
		<oid>.1.3.6.1.4.1.2021.10.1.6.3</oid>
	</ds>
	<graphs>
		<name>cpuload</name>
	</graphs>
</probedesc>
