<?xml version="1.0" encoding="UTF-8"?>
<beans xmlns="http://www.springframework.org/schema/beans"
	xmlns:context="http://www.springframework.org/schema/context"
	xmlns:xsi="http://www.w3.org/2001/XMLSchema-instance"
	xsi:schemaLocation="http://www.springframework.org/schema/beans 
    http://www.springframework.org/schema/beans/spring-beans-3.0.xsd
    http://www.springframework.org/schema/context
    http://www.springframework.org/schema/context/spring-context-3.0.xsd">
	<!-- 注解探测器 ， 在JUnit测试的时候需要 -->
	<!--<context:annotation-config /> -->
	<context:component-scan base-package="org.hx.rainbow,org.mycat.web" />

	<bean id="propertyConfigurer"
		class="org.hx.rainbow.common.context.RainbowProperties">
		<property name="ignoreResourceNotFound" value="true" />
		<property name="locations">
			<list>
				<value>classpath*:jdbc.properties</value>
				<value>classpath*:mycat.properties</value>
			</list>
		</property>
	</bean>

	<bean id="springApplication" class="org.hx.rainbow.common.core.SpringApplicationContext" />

</beans>
