<?xml version="1.0" encoding="UTF-8"?>
<!DOCTYPE graphdesc PUBLIC "-//jrds//DTD Graph Description//EN"
                           "urn:jrds:graphdesc">
<graphdesc>
  <name>VMSolarisGraph</name>
  <graphName>vmsolaris</graphName>
  <graphTitle>VM activity on ${host}</graphTitle>
  <verticalLabel>Operation/s</verticalLabel>
  <add>
    <name>rsVPagesIn</name>
    <graphType>line</graphType>
    <color>BLUE</color>
    <legend>Number of pages read in from disk</legend>
  </add>
  <add>
    <name>rsVPagesOut</name>
    <graphType>line</graphType>
    <color>YELLOW</color>
    <legend>Number of pages written to disk</legend>
  </add>
  <add>
    <name>rsVSwapIn</name>
    <graphType>line</graphType>
    <color>GREEN</color>
    <legend>Number of pages swapped in</legend>
  </add>
  <add>
    <name>rsVSwapOut</name>
    <graphType>line</graphType>
    <color>RED</color>
    <legend>Number of pages swapped out</legend>
  </add>
  <hosttree>
    <pathelement>HOST</pathelement>
    <pathelement>SYSTEM</pathelement>
    <pathelement>MEMORY</pathelement>
    <pathstring>VM activity (Sun agent)</pathstring>
  </hosttree>
  <viewtree>
    <pathelement>SYSTEM</pathelement>
    <pathelement>MEMORY</pathelement>
    <pathstring>VM activity (Sun agent)</pathstring>
    <pathelement>HOST</pathelement>
  </viewtree>
</graphdesc>
