<?xml version="1.0" encoding="UTF-8"?>
<!DOCTYPE graphdesc PUBLIC "-//jrds//DTD Graph Description//EN"
                           "urn:jrds:graphdesc">
<graphdesc>
  <name>MemGraph</name>
  <graphName>memory</graphName>
  <graphTitle>Memory usage on ${host}</graphTitle>
  <unit>
    <binary/>
  </unit>
  <verticalLabel/>
  <add>
    <name>memTotalSwap</name>
    <graphType>none</graphType>
  </add>
  <add>
    <name>memAvailSwap</name>
    <graphType>none</graphType>
  </add>
  <add>
    <name>memTotalReal</name>
    <graphType>none</graphType>
  </add>
  <add>
    <name>memAvailReal</name>
    <graphType>none</graphType>
  </add>
  <add>
    <name>memUsedRealBytes</name>
    <rpn>memTotalReal,memAvailReal,-, 1024, *</rpn>
    <graphType>area</graphType>
    <color>GREEN</color>
    <legend>Active Real/Physical Memory Space</legend>
  </add>
  <add>
    <name>memAvailRealBytes</name>
    <rpn>memAvailReal, 1024, *</rpn>
    <graphType>stack</graphType>
    <color>BLUE</color>
    <legend>Available Real/Physical Memory Space</legend>
  </add>
  <add>
    <name>memUsedSwapBytes</name>
    <rpn>memTotalSwap,memAvailSwap,-, 1024, *</rpn>
    <graphType>stack</graphType>
    <color>RED</color>
    <legend>Used Swap Space</legend>
  </add>
  <hosttree>
    <pathelement>HOST</pathelement>
    <pathelement>SYSTEM</pathelement>
    <pathelement>MEMORY</pathelement>
    <pathstring>Memory usage</pathstring>
  </hosttree>
  <viewtree>
    <pathelement>SYSTEM</pathelement>
    <pathelement>MEMORY</pathelement>
    <pathstring>Memory usage</pathstring>
    <pathelement>HOST</pathelement>
  </viewtree>
</graphdesc>
