<?xml version="1.0" encoding="UTF-8"?>
<!DOCTYPE graphdesc PUBLIC "-//jrds//DTD Graph Description//EN" "urn:jrds:graphdesc">
<graphdesc>
  <name>MycatFluxGraph</name>
  <graphName>MycatFluxGraph</graphName>
  <graphTitle>Mycat IO Flux </graphTitle>

  <verticalLabel>Bytes/s</verticalLabel>
  <add>
    <name>NET_IN</name>
    <graphType>line</graphType>
    <legend>In Bytes</legend>
  </add>
  <add>
    <name>NET_OUT</name>
    <graphType>line</graphType>
    <legend>Out Bytes</legend>
  </add>
  
  <hosttree>
    <pathelement>HOST</pathelement>
    <pathelement>SERVICES</pathelement>
    <pathelement>URL</pathelement>
    <pathstring>Mycat IO Flux</pathstring>
  </hosttree>
  <viewtree>
    <pathelement>SERVICES</pathelement>
    <pathstring>Mycat</pathstring>
    <pathelement>URL</pathelement>
    <pathstring>Mycat IO Flux</pathstring>
  </viewtree>
</graphdesc>
