<?xml version="1.0" encoding="UTF-8"?>
<!DOCTYPE graphdesc PUBLIC "-//jrds//DTD Graph Description//EN" "urn:jrds:graphdesc">
<graphdesc>
	<name>cpmCPUTotal</name>
	<graphName>cpmcputotal</graphName>
	<graphTitle>CPU usage on cpu {2} on {1}</graphTitle>
	<verticalLabel>%</verticalLabel>
	<add>
		<name>5sec</name>
		<graphType>line</graphType>
		<legend>Overall CPU busy percentage in the last 5 second</legend>
	</add>
	<add>
		<name>1min</name>
		<graphType>line</graphType>
		<legend>Overall CPU busy percentage in the last minut</legend>
	</add>
	<add>
		<name>5min</name>
		<graphType>line</graphType>
		<legend>Overall CPU busy percentage in the last 5 minutes</legend>
	</add>
	<hosttree>
		<pathelement>HOST</pathelement>
		<pathelement>SYSTEM</pathelement>
		<pathelement>LOAD</pathelement>
		<pathstring>CPU Load</pathstring>
	</hosttree>
	<viewtree>
		<pathelement>SYSTEM</pathelement>
		<pathelement>LOAD</pathelement>
		<pathstring>CPU Load</pathstring>
		<pathelement>HOST</pathelement>
	</viewtree>
</graphdesc>
