<?xml version="1.0" encoding="UTF-8"?>
<!DOCTYPE graphdesc PUBLIC "-//jrds//DTD Graph Description//EN" "urn:jrds:graphdesc">
<graphdesc>
  <name>CpuRawTimeLinux2</name>
  <graphName>cpurawlinux</graphName>
  <graphTitle>CPU Utilization on ${host}</graphTitle>
  <verticalLabel>%</verticalLabel>
  <upperLimit>100.0</upperLimit>
  <add>
    <name>ssCpuRawNice</name>
  </add>
  <add>
    <name>CpuRawNice</name>
    <rpn>ssCpuRawNice, UN, 0, ssCpuRawNice, IF</rpn>
  </add>
  <add>
    <name>ssCpuRawUser</name>
  </add>
  <add>
    <name>CpuRawUser</name>
    <rpn>ssCpuRawUser, UN, 0, ssCpuRawUser, IF</rpn>
  </add>
  <add>
    <name>ssCpuRawSystem</name>
  </add>
  <add>
    <name>CpuRawSystem</name>
    <rpn>ssCpuRawSystem, UN, 0, ssCpuRawSystem, IF</rpn>
  </add>
  <add>
    <name>ssCpuRawWait</name>
  </add>
  <add>
    <name>CpuRawWait</name>
    <rpn>ssCpuRawWait, UN, 0, ssCpuRawWait, IF</rpn>
  </add>
  <add>
    <name>ssCpuRawIdle</name>
  </add>
  <add>
    <name>CpuRawIdle</name>
    <rpn>ssCpuRawIdle, UN, 0, ssCpuRawIdle, IF</rpn>
  </add>
  <add>
    <name>ssCpuRawInterrupt</name>
  </add>
  <add>
    <name>CpuRawInterrupt</name>
    <rpn>ssCpuRawInterrupt, UN, 0, ssCpuRawInterrupt, IF</rpn>
  </add>
  <add>
    <name>ssCpuRawSoftIRQ</name>
  </add>
  <add>
    <name>CpuRawSoftIRQ</name>
    <rpn>ssCpuRawSoftIRQ, UN, 0, ssCpuRawSoftIRQ, IF</rpn>
  </add>
  <add>
    <name>total</name>
    <rpn>CpuRawNice, CpuRawUser, +, CpuRawSystem,+, CpuRawWait, +, CpuRawIdle, +, CpuRawInterrupt, +, CpuRawSoftIRQ, +</rpn>
  </add>
  <add>
    <rpn>CpuRawInterrupt, total, /, 100, *</rpn>
    <graphType>area</graphType>
    <color>black</color>
    <legend>Time spent processing hardware interrupts</legend>
  </add>
  <add>
    <rpn>CpuRawSoftIRQ, total, /, 100, *</rpn>
    <graphType>area</graphType>
    <color>gray</color>
    <legend>Time spent processing software interrupts</legend>
  </add>
  <add>
    <rpn>CpuRawSystem, total, /, 100, *</rpn>
    <graphType>area</graphType>
    <color>red</color>
    <legend>System CPU time</legend>
  </add>
  <add>
    <rpn>CpuRawUser, total, /, 100, *</rpn>
    <graphType>stack</graphType>
    <color>blue</color>
    <legend>User CPU time</legend>
  </add>
  <add>
    <rpn>CpuRawNice, total, /, 100, *</rpn>
    <graphType>stack</graphType>
    <color>orange</color>
    <legend>Nice CPU time</legend>
  </add>
  <add>
    <rpn>CpuRawWait, total, /, 100, *</rpn>
    <graphType>stack</graphType>
    <color>teal</color>
    <legend>Iowait CPU time</legend>
  </add>
  <add>
    <rpn>CpuRawIdle, total, /, 100, *</rpn>
    <graphType>stack</graphType>
    <color>green</color>
    <legend>Idle CPU time</legend>
  </add>
  <hosttree>
    <pathelement>host</pathelement>
    <pathelement>system</pathelement>
    <pathelement>load</pathelement>
    <pathstring>CPU usage</pathstring>
  </hosttree>
  <viewtree>
    <pathelement>system</pathelement>
    <pathelement>load</pathelement>
    <pathstring>CPU usage</pathstring>
    <pathelement>host</pathelement>
  </viewtree>
</graphdesc>
