<?xml version="1.0" encoding="UTF-8"?>
<!DOCTYPE graphdesc PUBLIC "-//jrds//DTD Graph Description//EN"
    "urn:jrds:graphdesc">
<graphdesc>
    <name>tmmmemory</name>
    <graphName>tmmmemory-${index}</graphName>
    <graphTitle>TMM ${index} memory usage on ${host}</graphTitle>
    <verticalLabel>bytes</verticalLabel>
    <add>
        <name>MemoryTotal</name>
        <graphType>area</graphType>
        <color>green</color>
        <legend>Total memory available</legend>
    </add>
    <add>
    	<name>MemoryUsed</name>
    	<graphType>area</graphType>
    	<color>blue</color>
    	<legend>Memory in use</legend>
    </add>

    <hosttree>
    <pathstring>${host}</pathstring>
    
    <pathelement>SERVICES</pathelement>
    <pathstring>F5</pathstring>
    <pathstring>TMM</pathstring>
    <pathstring>${index}</pathstring>
    
    <pathstring>Memoy</pathstring>
  </hosttree>
  <viewtree>
    <pathelement>SERVICES</pathelement>
    <pathstring>F5</pathstring>
    <pathstring>TMM</pathstring>
    <pathstring>${index}</pathstring>
    
    <pathstring>Memory</pathstring>
    <pathstring>${host}</pathstring>
    
  </viewtree>
</graphdesc>