<?xml version="1.0" encoding="UTF-8"?>
<!DOCTYPE graphdesc PUBLIC "-//jrds//DTD Graph Description//EN" "urn:jrds:graphdesc">
<graphdesc>
  <name>CpuRawTimeLinuxGuest</name>
  <graphName>cpurawlinuxGuest</graphName>
  <graphTitle>CPU Utilization on ${host}</graphTitle>
  <verticalLabel>%</verticalLabel>
  <upperLimit>100.0</upperLimit>
  <add>
    <name>ssCpuRawNice</name>
  </add>
  <add>
    <name>CpuRawNice</name>
    <rpn>ssCpuRawNice, UN, 0, ssCpuRawNice, IF</rpn>
  </add>
  <add>
    <name>ssCpuRawUser</name>
  </add>
  <add>
    <name>CpuRawUser</name>
    <rpn>ssCpuRawUser, UN, 0, ssCpuRawUser, IF</rpn>
  </add>
  <add>
    <name>ssCpuRawSystem</name>
  </add>
  <add>
    <name>CpuRawSystem</name>
    <rpn>ssCpuRawSystem, UN, 0, ssCpuRawSystem, IF</rpn>
  </add>
  <add>
    <name>ssCpuRawWait</name>
  </add>
  <add>
    <name>CpuRawWait</name>
    <rpn>ssCpuRawWait, UN, 0, ssCpuRawWait, IF</rpn>
  </add>
  <add>
    <name>ssCpuRawIdle</name>
  </add>
  <add>
    <name>CpuRawIdle</name>
    <rpn>ssCpuRawIdle, UN, 0, ssCpuRawIdle, IF</rpn>
  </add>
  <add>
    <name>ssCpuRawInterrupt</name>
  </add>
  <add>
    <name>CpuRawInterrupt</name>
    <rpn>ssCpuRawInterrupt, UN, 0, ssCpuRawInterrupt, IF</rpn>
  </add>
  <add>
    <name>ssCpuRawSoftIRQ</name>
  </add>
  <add>
    <name>CpuRawSoftIRQ</name>
    <rpn>ssCpuRawSoftIRQ, UN, 0, ssCpuRawSoftIRQ, IF</rpn>
  </add>
  <add>
    <name>ssCpuRawSteal</name>
  </add>
  <add>
    <name>CpuRawSteal</name>
    <rpn>ssCpuRawSteal, UN, 0, ssCpuRawSteal, IF</rpn>
  </add>
  <add>
    <name>ssCpuRawGuest</name>
  </add>
  <add>
    <name>CpuRawGuest</name>
    <rpn>ssCpuRawGuest, UN, 0, ssCpuRawGuest, IF</rpn>
  </add>
  <add>
    <name>ssCpuRawGuestNice</name>
  </add>
  <add>
    <name>CpuRawGuestNice</name>
    <rpn>ssCpuRawGuestNice, UN, 0, ssCpuRawGuestNice, IF</rpn>
  </add>
  <add>
    <name>total</name>
    <rpn>CpuRawNice, CpuRawUser, +, CpuRawSystem,+, CpuRawWait, +, CpuRawIdle, +, CpuRawInterrupt, +, CpuRawSoftIRQ, + , CpuRawSteal, +, CpuRawGuest, +, CpuRawGuestNice, +</rpn>
  </add>
  <add>
    <rpn>total, CpuRawSteal, -, total, /, 100, *</rpn>
    <graphType>area</graphType>
    <color>green</color>
    <legend>Time spent in this host</legend>
  </add>
  <add>
    <rpn>CpuRawSteal, total, /, 100, *</rpn>
    <graphType>stack</graphType>
    <color>red</color>
    <legend>Time spent in guests</legend>
  </add>
  <hosttree>
    <pathelement>host</pathelement>
    <pathelement>system</pathelement>
    <pathelement>load</pathelement>
    <pathstring>Guest CPU usage</pathstring>
  </hosttree>
  <viewtree>
    <pathelement>system</pathelement>
    <pathelement>load</pathelement>
    <pathstring>Guest CPU usage</pathstring>
    <pathelement>host</pathelement>
  </viewtree>
</graphdesc>
