<?xml version="1.0" encoding="UTF-8"?>
<!DOCTYPE graphdesc PUBLIC "-//jrds//DTD Graph Description//EN" "urn:jrds:graphdesc">
<graphdesc>
	<name>MycatTaskQueueGraph</name>
	<graphName>MycatTaskQueueGraph</graphName>
	<graphTitle>Mycat Tasks In Queue Graph </graphTitle>

	<verticalLabel>tasks</verticalLabel>
	<add>
		<name>TASK_QUEUE_SIZE</name>
		<graphType>line</graphType>
		<color>blue</color>
		<legend>Tasks</legend>
	</add>

	<hosttree>
		<pathelement>HOST</pathelement>
		<pathelement>SERVICES</pathelement>
		<pathelement>URL</pathelement>
		<pathstring>Mycat Tasks</pathstring>
	</hosttree>
	<viewtree>
		<pathelement>SERVICES</pathelement>
		<pathstring>Mycat</pathstring>
		<pathelement>URL</pathelement>
		<pathstring>Mycat Tasks</pathstring>
	</viewtree>
</graphdesc>
