<?xml version="1.0" encoding="ISO-8859-1"?>
<!DOCTYPE probedesc PUBLIC "-//jrds//DTD Probe Description//EN" "urn:jrds:probedesc">
<probedesc>
    <name>mtaGroupStore</name>
    <probeName>mtagroupsnmp-${index}</probeName>
	<probeClass>jrds.probe.snmp.RdsIndexedSnmpRrd</probeClass>
    <specific name="indexOid">1.3.6.1.2.1.28.2.1.25</specific>
    <specific name="nodiscover" />
    <ds>
        <dsName>mtaStoredMsg</dsName>
        <dsType>gauge</dsType>
        <oid>.1.3.6.1.2.1.28.2.1.4</oid>
    </ds>
    <ds>
        <dsName>mtaStoredVolume</dsName>
        <dsType>gauge</dsType>
        <oid>.1.3.6.1.2.1.28.2.1.7</oid>
    </ds>
    <graphs>
		<name>mtaStoredVolume</name>
 		<name>mtaStoredMessages</name>
   </graphs>
</probedesc>
