<?xml version="1.0" encoding="ISO-8859-1"?>
<!DOCTYPE probedesc PUBLIC "-//jrds//DTD Probe Description//EN" "urn:jrds:probedesc">
<probedesc>
	<name>ProcessInfoExtended</name>
	<probeName>psx-${index}</probeName>
	<probeClass>jrds.probe.snmp.ProcessInfoExtended</probeClass>
	<ds>
		<!-- <dsName>hrSWRunPerfMem</dsName> -->
		<oid>1.3.6.1.2.1.25.5.1.1.2</oid>
	</ds>
	<ds>
		<!-- <dsName>hrSWRunPerfCPU</dsName>-->
		<oid>1.3.6.1.2.1.25.5.1.1.1</oid>
	</ds>
	<ds>
		<dsName>Minimum</dsName>
		<dsType>gauge</dsType>
	</ds>
	<ds>
		<dsName>Maximum</dsName>
		<dsType>gauge</dsType>
	</ds>
	<ds>
		<dsName>Average</dsName>
		<dsType>gauge</dsType>
	</ds>
	<ds>
		<dsName>Number</dsName>
		<dsType>gauge</dsType>
	</ds>
	<ds>
		<dsName>Cpu</dsName>
		<dsType>derive</dsType>
	</ds>
	<graphs>
		<name>ProcessInfoNumber</name>
		<name>ProcessInfoSize</name>
		<name>ProcessInfoCpu</name>
	</graphs>
</probedesc>
