<?xml version="1.0" encoding="ISO-8859-1"?>
<!DOCTYPE probedesc PUBLIC "-//jrds//DTD Probe Description//EN" "urn:jrds:probedesc">
<probedesc>
    <name>ProcessStatusHostResources</name>
    <probeName>hrpslist</probeName>
    <probeClass>jrds.probe.snmp.ProcessStatusHostResources</probeClass>
    <specific name="requester">tabular</specific>
    <ds>
        <!-- <dsName>psProcessState</dsName> -->
        <oid>1.3.6.1.2.1.25.4.2.1.7</oid>
    </ds>
    <ds>
        <dsName>running</dsName>
        <dsType>gauge</dsType>
    </ds>
    <ds>
        <dsName>runnable</dsName>
        <dsType>gauge</dsType>
    </ds>
    <ds>
        <dsName>notRunnable</dsName>
        <dsType>gauge</dsType>
    </ds>
    <ds>
        <dsName>invalid</dsName>
        <dsType>gauge</dsType>
    </ds>
    <graphs>
        <name>processstatushostsresources</name>
    </graphs>
</probedesc>
