<?xml version="1.0" encoding="UTF-8"?>
<!DOCTYPE graphdesc PUBLIC "-//jrds//DTD Graph Description//EN"
    "urn:jrds:graphdesc">
<graphdesc>
    <name>tmmPkts</name>
    <graphName>tmmpkts-{2}</graphName>
    <graphTitle>TMM paquets exchanged</graphTitle>
    <verticalLabel>paquets/s</verticalLabel>
	<add>
		<legend>Upward graph</legend>
	</add>
    <add>
        <name>ClientPktsOut</name>
        <graphType>line</graphType>
        <legend>Client side paquets send</legend>
    </add>
    <add>
        <name>ServerPktsOut</name>
        <graphType>line</graphType>
        <legend>Server side paquets send</legend>
    </add>
	<add>
		<legend>Downward graph</legend>
	</add>
    <add>
        <name>ClientPktsIn</name>
		<reversed>true</reversed>
        <graphType>line</graphType>
        <legend>Client side paquets received</legend>
    </add>
    <add>
        <name>ServerPktsIn</name>
		<reversed>true</reversed>
        <graphType>line</graphType>
        <legend>Server side paquets received</legend>
    </add>
  <hosttree>
    <pathelement>HOST</pathelement>
    <pathelement>SERVICES</pathelement>
    <pathstring>F5</pathstring>
    <pathstring>TMM</pathstring>
    <pathelement>INDEX</pathelement>
    <pathstring>Paquets/s</pathstring>
  </hosttree>
  <viewtree>
    <pathelement>SERVICES</pathelement>
    <pathstring>F5</pathstring>
    <pathstring>TMM</pathstring>
    <pathelement>INDEX</pathelement>
    <pathstring>Paquets/s</pathstring>
    <pathelement>HOST</pathelement>
  </viewtree>
</graphdesc>