<?xml version="1.0" encoding="UTF-8"?>
<!DOCTYPE graphdesc PUBLIC "-//jrds//DTD Graph Description//EN" "urn:jrds:graphdesc">
<graphdesc>
	<name>HpPduPower</name>
	<graphName>hppdupower-{2}</graphName>
	<graphTitle>Power usage by PDU {2}</graphTitle>
	<verticalLabel>W</verticalLabel>
	<add>
		<name>pduOutputPower</name>
		<graphType>line</graphType>
		<legend>Power used</legend>
	</add>
	<hosttree>
		<pathelement>HOST</pathelement>
		<pathstring>Power Usage</pathstring>
		<pathelement>INDEX</pathelement>
	</hosttree>
	<viewtree>
		<pathstring>Power Usage</pathstring>
		<pathstring>Power Usage</pathstring>
		<pathelement>HOST</pathelement>
		<pathelement>INDEX</pathelement>
	</viewtree>
</graphdesc>
