<?xml version="1.0" encoding="UTF-8"?>
<!DOCTYPE graphdesc PUBLIC "-//jrds//DTD Graph Description//EN" "urn:jrds:graphdesc">
<graphdesc>
  <name>MysqlTableSpace</name>
  <graphName>mysqltablespace-{3}</graphName>
  <graphTitle>Table space for {3}</graphTitle>
  <unit>
    <binary/>
  </unit>
  <verticalLabel>bytes</verticalLabel>
  <add>
    <name>Data_length</name>
    <graphType>area</graphType>
    <color>blue</color>
    <legend>Data length</legend>
  </add>
  <add>
    <name>Index_length</name>
    <graphType>stack</graphType>
    <color>teal</color>
    <legend>Index length (without primary key indexes)</legend>
  </add>
  <add>
    <name>Data_free</name>
    <graphType>stack</graphType>
    <color>green</color>
    <legend>Allocated but unused</legend>
  </add>
  <hosttree>
    <pathelement>HOST</pathelement>
    <pathelement>SERVICES</pathelement>
    <pathelement>URL</pathelement>
    <pathstring>Space usage</pathstring>
  </hosttree>
  <viewtree>
    <pathelement>SERVICES</pathelement>
    <pathstring>Mysql</pathstring>
    <pathelement>URL</pathelement>
    <pathstring>Space usage</pathstring>
  </viewtree>
</graphdesc>
