<?xml version="1.0" encoding="UTF-8"?>
<!DOCTYPE graphdesc PUBLIC "-//jrds//DTD Graph Description//EN" "urn:jrds:graphdesc">
<graphdesc>
	<name>MysqlStatusTempTables</name>
	<graphName>mysqlstatustemptables-${url}</graphName>
	<graphTitle>Temporary tables created on disk on ${url}</graphTitle>
	<verticalLabel>%</verticalLabel>
	<add>
		<name>Created_tmp_disk_tab</name>
	</add>
	<add>
		<name>Created_tmp_tables</name>
	</add>
	<add>
		<rpn>Created_tmp_disk_tab, Created_tmp_tables, /, 100 *</rpn>
		<graphType>line</graphType>
		<legend>Temporary tables %</legend>
	</add>
	<hosttree>
		<pathelement>HOST</pathelement>
		<pathelement>SERVICES</pathelement>
		<pathelement>URL</pathelement>
		<pathstring>Temporary tables on disk</pathstring>
	</hosttree>
	<viewtree>
		<pathelement>SERVICES</pathelement>
		<pathstring>Mysql</pathstring>
		<pathelement>URL</pathelement>
		<pathstring>Temporary tables on disk</pathstring>
	</viewtree>
</graphdesc>
