<?xml version="1.0" encoding="UTF-8"?>
<!DOCTYPE graphdesc PUBLIC "-//jrds//DTD Graph Description//EN" "http://bidule">
<graphdesc>
  <name>udpactivity</name>
  <graphName>udp</graphName>
  <graphTitle>UDP activity on {1}</graphTitle>
  <verticalLabel>packets/s</verticalLabel>
  <add>
    <name>OutDatagrams</name>
    <graphType>line</graphType>
    <legend>Out Datagrams</legend>
  </add>
  <add>
    <name>InDatagrams</name>
    <reversed>true</reversed>
    <graphType>line</graphType>
    <legend>The number of UDP datagrams received</legend>
  </add>
  <add>
    <name>NoPorts</name>
    <reversed>true</reversed>
    <graphType>line</graphType>
    <legend>The number of received UDP datagrams with no listening port</legend>
  </add>
  <add>
    <name>InErrors</name>
    <reversed>true</reversed>
    <graphType>line</graphType>
    <legend>The number of invalid received UDP datagrams</legend>
  </add>
  <hosttree>
    <pathelement>HOST</pathelement>
    <pathelement>NETWORK</pathelement>
    <pathstring>UDP activity</pathstring>
  </hosttree>
  <viewtree>
    <pathelement>NETWORK</pathelement>
    <pathstring>UDP activity</pathstring>
    <pathelement>HOST</pathelement>
  </viewtree>
</graphdesc>
