<?xml version="1.0" encoding="UTF-8"?>
<!DOCTYPE graphdesc PUBLIC "-//jrds//DTD Graph Description//EN"
                           "urn:jrds:graphdesc">
<graphdesc>
    <name>squidCpu</name>
    <graphName>squidcpu</graphName>
    <graphTitle>Squid CPU usage on {1}</graphTitle>
    <verticalLabel>%</verticalLabel>
    <add>
        <name>CpuUsage</name>
        <graphType>line</graphType>
        <legend>CPU usage</legend>
    </add>
    <hosttree>
        <pathelement>HOST</pathelement>
        <pathelement>SERVICES</pathelement>
        <pathstring>Squid</pathstring>
        <pathstring>Squid CPU usage</pathstring>
    </hosttree>
    <viewtree>
        <pathelement>SERVICES</pathelement>
        <pathstring>Squid</pathstring>
        <pathelement>HOST</pathelement>
        <pathstring>Squid CPU usage</pathstring>
    </viewtree>
</graphdesc>
