<?xml version="1.0" encoding="UTF-8"?>
<!DOCTYPE probedesc PUBLIC "-//jrds//DTD Probe Description//EN" "urn:jrds:probedesc">
<probedesc>
	<name>cpqTemperature</name>
	<probeName>cpqtemp-${index}</probeName>
	<probeClass>jrds.probe.snmp.RdsIndexedSnmpRrd</probeClass>
    <specific name="indexOid">1.3.6.1.4.1.232.6.2.6.8.1.2</specific>
	<ds>
		<dsName>cpqHeTempC</dsName>
		<dsType>gauge</dsType>
		<oid>.1.3.6.1.4.1.232.6.2.6.8.1.4</oid>
	</ds>
	<ds>
		<dsName>cpqHeTempThreshold</dsName>
		<dsType>gauge</dsType>
		<oid>.1.3.6.1.4.1.232.6.2.6.8.1.5</oid>
	</ds>
	<graphs>
		<name>cpqHeTempC</name>
	</graphs>
</probedesc>
