<?xml version="1.0" encoding="UTF-8"?>
<!DOCTYPE graphdesc PUBLIC "-//jrds//DTD Graph Description//EN"
                           "urn:jrds:graphdesc">
<graphdesc>
    <name>squidBytes</name>
    <graphName>squidbytes</graphName>
    <graphTitle>Squid bytes transfered on {1}</graphTitle>
    <verticalLabel>Bit/s</verticalLabel>
    <add>
        <name>HttpOutKb</name>
        <graphType>none</graphType>
    </add>
    <add>
        <name>HttpOut</name>
        <rpn>HttpOutKb, 8192, *</rpn>
        <graphType>line</graphType>
        <legend>Bits send to client</legend>
    </add>
    <add>
        <name>HttpInKb</name>
        <graphType>none</graphType>
    </add>
    <add>
        <name>HttpIn</name>
        <rpn>HttpInKb, 8192, *</rpn>
        <graphType>line</graphType>
        <legend>Bits received from client</legend>
    </add>
    <add>
        <name>ServerOutKb</name>
        <graphType>none</graphType>
    </add>
    <add>
        <name>ServerOut</name>
        <rpn>ServerOutKb, 8192, *</rpn>
        <graphType>line</graphType>
        <legend>Bits send to servers</legend>
    </add>
    <add>
        <name>ServerInKb</name>
        <graphType>none</graphType>
    </add>
    <add>
        <name>ServerIn</name>
        <rpn>ServerInKb, 8192, *</rpn>
        <graphType>line</graphType>
        <legend>Bits received from servers</legend>
    </add>
    <hosttree>
        <pathelement>HOST</pathelement>
        <pathelement>SERVICES</pathelement>
        <pathstring>Squid</pathstring>
        <pathstring>Squid bytes transfered</pathstring>
    </hosttree>
    <viewtree>
        <pathelement>SERVICES</pathelement>
        <pathstring>Squid</pathstring>
        <pathelement>HOST</pathelement>
        <pathstring>Squid bytes transfered</pathstring>
    </viewtree>
</graphdesc>
