<?xml version="1.0" encoding="ISO-8859-1"?>
<!DOCTYPE probedesc PUBLIC "-//jrds//DTD Probe Description//EN" "urn:jrds:probedesc">
<probedesc>
    <name>PartitionSpaceAIX</name>
    <probeName>fs-${index.cleanpath}</probeName>
    <probeClass>jrds.probe.snmp.RdsIndexedSnmpRrd</probeClass>
    <specific name="description">Graph space used and free for a mountpoint on an AIX server</specific>
    <specific name="indexOid">1.3.6.1.4.1.2.6.191.6.2.1.3</specific>
    <ds>
        <dsName>aixFsSize</dsName>
        <dsType>gauge</dsType>
        <oid>1.3.6.1.4.1.2.6.191.6.2.1.5</oid>
    </ds>
    <ds>
        <dsName>aixFsFree</dsName>
        <dsType>gauge</dsType>
        <oid>1.3.6.1.4.1.2.6.191.6.2.1.6</oid>
    </ds>
    <graphs>
        <name>PartitionSpaceAIX</name>
    </graphs>
</probedesc>
