<?xml version="1.0" encoding="ISO-8859-1"?>
<!DOCTYPE probedesc PUBLIC "-//jrds//DTD Probe Description//EN"
	"urn:jrds:probedesc">
<probedesc>
	<name>NTP</name>
	<probeName>ntp</probeName>
	<probeClass>jrds.probe.Ntp</probeClass>
	<ds>
		<dsName>RootDelay</dsName>
		<dsType>gauge</dsType>
	</ds>
	<ds>
		<dsName>RootDispersion</dsName>
		<dsType>gauge</dsType>
	</ds>
	<ds>
		<dsName>Offset</dsName>
		<dsType>gauge</dsType>
	</ds>
	<ds>
		<dsName>Delay</dsName>
		<dsType>gauge</dsType>
	</ds>
	<graphs>
		<name>Ntp</name>
	</graphs>
</probedesc>
