<?xml version="1.0" encoding="UTF-8"?>
<!DOCTYPE graphdesc PUBLIC "-//jrds//DTD Graph Description//EN" "urn:jrds:graphdesc">
<graphdesc>
	<name>MycatMemoryGraph</name>
	<graphName>MycatMemoryGraph</graphName>
	<graphTitle>Mycat Memory Graph </graphTitle>

	<verticalLabel>Bytes</verticalLabel>
	<add>
		<name>USED_MEMORY</name>
		<graphType>area</graphType>
		<color>blue</color>
		<legend>Bytes</legend>
	</add>

	<hosttree>
		<pathelement>HOST</pathelement>
		<pathelement>SERVICES</pathelement>
		<pathelement>URL</pathelement>
		<pathstring>Mycat TPS</pathstring>
	</hosttree>
	<viewtree>
		<pathelement>SERVICES</pathelement>
		<pathstring>Mycat</pathstring>
		<pathelement>URL</pathelement>
		<pathstring>Mycat Memory</pathstring>
	</viewtree>
</graphdesc>
