<?xml version="1.0" encoding="UTF-8"?>
<!DOCTYPE graphdesc PUBLIC "-//jrds//DTD Graph Description//EN"
                           "urn:jrds:graphdesc">
<graphdesc>
	<name>ApacheTransfer</name>
	<graphName>apachetransfer_${index}</graphName>
	<graphTitle>Bytes transfered on port ${index}</graphTitle>
	<unit>
		<SI />
	</unit>
	<verticalLabel>Bytes/s</verticalLabel>
	<add>
		<name>TotalkBytes</name>
		<dsName>Total kBytes</dsName>
	</add>
	<add>
		<rpn>TotalkBytes, 1024, *</rpn>
		<graphType>line</graphType>
		<color>GREEN</color>
		<legend>Bytes transfered</legend>
	</add>
	<hosttree>
		<pathelement>HOST</pathelement>
		<pathelement>SERVICES</pathelement>
		<pathstring>Apache Activity</pathstring>
		<pathelement>INDEX</pathelement>
		<pathstring>Bytes transfered/s</pathstring>
	</hosttree>
	<viewtree>
		<pathelement>SERVICES</pathelement>
		<pathstring>Apache Activity</pathstring>
		<pathstring>Bytes transfered/s</pathstring>
		<pathelement>URL</pathelement>
	</viewtree>
</graphdesc>
