<?xml version="1.0" encoding="UTF-8"?>
<!DOCTYPE graphdesc PUBLIC "-//jrds//DTD Graph Description//EN"
                           "urn:jrds:graphdesc">
<graphdesc>
  <name>HttpGraph</name>
  <graphName>{4}</graphName>
  <graphTitle>Response time for {3}</graphTitle>
  <verticalLabel>time (s)</verticalLabel>
  <add>
    <name>Connect</name>
    <graphType>area</graphType>
    <color>GREEN</color>
    <legend>Connect</legend>
  </add>
  <add>
    <name>First Byte</name>
    <graphType>stack</graphType>
    <color>BLUE</color>
    <legend>First Byte</legend>
  </add>
  <add>
    <name>Last Byte</name>
    <graphType>stack</graphType>
    <color>CYAN</color>
    <legend>Last Byte</legend>
  </add>
 <hosttree>
        <pathelement>HOST</pathelement>
        <pathelement>SERVICES</pathelement>
        <pathelement>URL</pathelement>
    </hosttree>
  <viewtree>
    <pathelement>SERVICES</pathelement>
    <pathelement>WEB</pathelement>
    <pathelement>URL</pathelement>
  </viewtree>
</graphdesc>
