<?xml version="1.0" encoding="UTF-8"?>
<!DOCTYPE probedesc PUBLIC "-//jrds//DTD Probe Description//EN" "urn:jrds:probedesc">
<probedesc>
	<name>DiskIo64</name>
	<probeName>io64-${index}</probeName>
	<probeClass>jrds.probe.snmp.RdsIndexedSnmpRrd</probeClass>
    <specific name="indexOid">1.3.6.1.4.1.2021.13.15.1.1.2</specific>
    <specific name="hides">DiskIo</specific>
	<ds>
		<dsName>diskIONRead</dsName>
		<dsType>counter</dsType>
		<oid>.1.3.6.1.4.1.2021.13.15.1.1.12</oid>
	</ds>
	<ds>
		<dsName>diskIONWritten</dsName>
		<dsType>counter</dsType>
		<oid>.1.3.6.1.4.1.2021.13.15.1.1.13</oid>
	</ds>
	<ds>
		<dsName>diskIOReads</dsName>
		<dsType>counter</dsType>
		<oid>.1.3.6.1.4.1.2021.13.15.1.1.5</oid>
	</ds>
	<ds>
		<dsName>diskIOWrites</dsName>
		<dsType>counter</dsType>
		<oid>.1.3.6.1.4.1.2021.13.15.1.1.6</oid>
	</ds>
	<graphs>
		<name>DiskIoGraphBytes</name>
		<name>DiskIoGraphReq</name>
		<name>DiskIoGraphSize</name>
	</graphs>
</probedesc>
