<?xml version="1.0" encoding="UTF-8"?>
<!DOCTYPE graphdesc PUBLIC "-//jrds//DTD Graph Description//EN"
                           "urn:jrds:graphdesc">
<graphdesc>
  <name>PartitionSpaceGraph</name>
  <graphName>{4}</graphName>
  <graphTitle>Occupation of file system {2} on {1}</graphTitle>
  <unit>
    <binary/>
  </unit>
  <verticalLabel/>
  <add>
    <name>Total</name>
  </add>
  <add>
    <name>Used</name>
    <graphType>area</graphType>
    <color>BLUE</color>
    <legend>Used Space</legend>
  </add>
  <add>
    <name>Available</name>
    <rpn>Total,Used,-</rpn>
    <graphType>stack</graphType>
    <color>GREEN</color>
    <legend>Available space</legend>
  </add>
  <hosttree>
    <pathelement>HOST</pathelement>
    <pathelement>DISK</pathelement>
    <pathstring>File system use</pathstring>
    <pathelement>INDEX</pathelement>
  </hosttree>
  <viewtree>
    <pathelement>DISK</pathelement>
    <pathstring>File system use</pathstring>
    <pathelement>HOST</pathelement>
    <pathelement>INDEX</pathelement>
  </viewtree>
</graphdesc>
