<?xml version="1.0" encoding="UTF-8"?>
<!DOCTYPE graphdesc PUBLIC "-//jrds//DTD Graph Description//EN"
                           "urn:jrds:graphdesc">
<graphdesc>
    <name>squidHitRatio</name>
    <graphName>squidhitratio</graphName>
    <graphTitle>Squid hit ratio on {1}</graphTitle>
    <verticalLabel>%</verticalLabel>
    <upperLimit>100.0</upperLimit>
    <add>
        <name>HttpRqt</name>
        <graphType>none</graphType>
    </add>
    <add>
        <name>HttpHits</name>
        <graphType>none</graphType>
    </add>
    <add>
        <name>HttpHitsRatio</name>
        <rpn>HttpHits, HttpRqt, /, 100, *</rpn>
        <graphType>line</graphType>
        <legend>HTTP hit ratio</legend>
    </add>
    <add>
        <name>FqdnRequests</name>
        <graphType>none</graphType>
    </add>
    <add>
        <name>FqdnHits</name>
        <graphType>none</graphType>
    </add>
    <add>
        <name>FqdnHitsRatio</name>
        <rpn>FqdnHits, FqdnRequests, /, 100, *</rpn>
        <graphType>line</graphType>
        <legend>Name to IP hit ratio</legend>
    </add>
    <add>
        <name>IpRequests</name>
        <graphType>none</graphType>
    </add>
    <add>
        <name>IpHits</name>
        <graphType>none</graphType>
    </add>
    <add>
        <name>IpHitsRatio</name>
        <rpn>IpHits, IpRequests, /, 100, *</rpn>
        <graphType>line</graphType>
        <legend>IP to name hit ratio</legend>
    </add>
    <hosttree>
        <pathelement>HOST</pathelement>
        <pathelement>SERVICES</pathelement>
        <pathstring>Squid</pathstring>
        <pathstring>Squid hit ratio</pathstring>
    </hosttree>
    <viewtree>
        <pathelement>SERVICES</pathelement>
        <pathstring>Squid</pathstring>
        <pathelement>HOST</pathelement>
        <pathstring>Squid hit ratio</pathstring>
    </viewtree>
</graphdesc>
