<?xml version="1.0" encoding="ISO-8859-1"?>
<!DOCTYPE probedesc PUBLIC "-//jrds//DTD Probe Description//EN" "urn:jrds:probedesc">
<!-- To get the index dn, you should try this request: -->
<!-- ldapsearch -LL -x -v -H ldap://host:port -D "cn=directory manager" -w password  -s sub  -b "cn=monitor" '(objectClass=ds-monitor-entry)' dn -->
<probedesc>
	<name>OpenDSLDAPConnectionHandler</name>
	<probeName>opends-${index.signature}</probeName>
	<probeClass>jrds.probe.LdapIndexed</probeClass>
	<specific name="base">cn=monitor</specific>
	<specific name="startTimePath">cn=monitor?startTime</specific>
	<specific name="currentTimePath">cn=monitor?currentTime</specific>
	<specific name="timePattern">yyyyMMddHHmmss'Z'</specific>
	<ds>
		<dsName>bytesWritten</dsName>
		<dsType>counter</dsType>
		<collect>cn=${index},cn=monitor?bytesWritten</collect>
	</ds>
	<ds>
		<dsName>bytesRead</dsName>
		<dsType>counter</dsType>
		<collect>cn=${index},cn=monitor?bytesRead</collect>
	</ds>
	<graphs>
        <name>OpenDSBytes</name>
	</graphs>
</probedesc>
