<?xml version="1.0" encoding="UTF-8"?>
<!DOCTYPE graphdesc PUBLIC "-//jrds//DTD Graph Description//EN"
                           "urn:jrds:graphdesc">
<graphdesc>
	<name>AccessMonitorSvcTime</name>
	<graphName>accessmonchsvctime-${label}</graphName>
	<graphTitle>Service time for ${label} on ${host}</graphTitle>
	<verticalLabel>s</verticalLabel>
	<add>
		<name>status.200</name>
	</add>
	<add>
		<name>svctime.200</name>
	</add>
	<add>
		<rpn>svctime.200, status.200, /</rpn>
		<graphType>line</graphType>
		<legend>OK</legend>
	</add>
	<add>
		<name>status.503</name>
	</add>
	<add>
		<name>svctime.503</name>
	</add>
	<add>
		<name>status.500</name>
	</add>
	<add>
		<name>svctime.500</name>
	</add>
	<add>
		<rpn>svctime.503,svctime.500, +, status.503, status.500, +, /</rpn>
		<graphType>line</graphType>
		<legend>Service Unavailable</legend>
	</add>
	<hosttree>
		<pathelement>HOST</pathelement>
		<pathelement>SERVICES</pathelement>
		<pathstring>Web Activity</pathstring>
		<pathstring>${label}</pathstring>
		<pathstring>Service time</pathstring>
	</hosttree>
	<viewtree>
		<pathelement>SERVICES</pathelement>
		<pathstring>Web Activity</pathstring>
		<pathstring>Service time</pathstring>
		<pathstring>${label}</pathstring>
		<pathelement>HOST</pathelement>
	</viewtree>
</graphdesc>
