<?xml version="1.0" encoding="UTF-8"?>
<!DOCTYPE probedesc PUBLIC "-//jrds//DTD Probe Description//EN"
    "urn:jrds:probedesc">
<probedesc>
	<name>CiscoTemp</name>
	<probeName>ciscotemp-${index}</probeName>
	<probeClass>jrds.probe.snmp.RdsIndexedSnmpRrd</probeClass>
	<specific name="indexOid">1.3.6.1.4.1.9.9.13.1.3.1.2</specific>
	<ds>
		<dsName>temp</dsName>
		<dsType>gauge</dsType>
		<oid>.1.3.6.1.4.1.9.9.13.1.3.1.3</oid>
	</ds>
	<ds>
		<dsName>threshold</dsName>
		<dsType>gauge</dsType>
		<oid>.1.3.6.1.4.1.9.9.13.1.3.1.4</oid>
	</ds>
	<graphs>
		<name>TempThresold</name>
	</graphs>
</probedesc>
