<?xml version="1.0" encoding="UTF-8"?>
<!DOCTYPE graphdesc PUBLIC "-//jrds//DTD Graph Description//EN" "urn:jrds:graphdesc">
<graphdesc>
	<name>CiscoRouterMemory</name>
	<graphName>ciscoroutermemory</graphName>
	<graphTitle>Memory usage on router {1}</graphTitle>
	<verticalLabel>Bytes</verticalLabel>
	<add>
		<name>processorRam</name>
	</add>
	<add>
		<name>memused</name>
		<rpn>processorRam, freeMem,-</rpn>
		<graphType>area</graphType>
		<color>blue</color>
		<legend>Used</legend>
	</add>
	<add>
		<name>freeMem</name>
		<graphType>stack</graphType>
		<color>green</color>
		<legend>Free</legend>
	</add>
	<hosttree>
		<pathelement>HOST</pathelement>
		<pathelement>SYSTEM</pathelement>
		<pathelement>MEMORY</pathelement>
		<pathstring>Memory usage</pathstring>
	</hosttree>
	<viewtree>
		<pathelement>SYSTEM</pathelement>
		<pathelement>MEMORY</pathelement>
		<pathstring>Memory usage</pathstring>
		<pathelement>HOST</pathelement>
	</viewtree>
</graphdesc>
