<?xml version="1.0" encoding="UTF-8"?>
<!DOCTYPE graphdesc PUBLIC "-//jrds//DTD Graph Description//EN"
                           "urn:jrds:graphdesc">
<graphdesc>
  <name>MemGraphLinux</name>
  <graphName>memory</graphName>
  <graphTitle>Memory usage on {1}</graphTitle>
  <unit>
    <binary/>
  </unit>
  <verticalLabel/>
  <add>
    <name>memTotalSwap</name>
    <graphType>none</graphType>
  </add>
  <add>
    <name>memAvailSwap</name>
    <graphType>none</graphType>
  </add>
  <add>
    <name>memTotalReal</name>
    <graphType>none</graphType>
  </add>
  <add>
    <name>memAvailReal</name>
    <graphType>none</graphType>
  </add>
  <add>
    <name>memShared</name>
    <graphType>none</graphType>
  </add>
  <add>
    <name>memBuffer</name>
    <graphType>none</graphType>
  </add>
  <add>
    <name>memCached</name>
    <graphType>none</graphType>
  </add>
  <add>
    <name>memUsedReal</name>
    <rpn>memTotalReal, memAvailReal, -</rpn>
    <graphType>none</graphType>
  </add>
  <add>
    <name>memActiveReal</name>
    <rpn>memUsedReal, memBuffer, -, memCached, -</rpn>
    <graphType>none</graphType>
  </add>
  <add>
    <name>memUsedSwap</name>
    <rpn>memTotalSwap, memAvailSwap, -</rpn>
    <graphType>none</graphType>
  </add>
  <add>
    <name>memSharedBytes</name>
    <rpn>memShared, 1024, *</rpn>
    <graphType>line</graphType>
    <color>RED</color>
    <legend>Total Shared Memory</legend>
  </add>
  <add>
    <name>memActiveRealBytes</name>
    <rpn>memActiveReal, 1024, *</rpn>
    <graphType>area</graphType>
    <color>GREEN</color>
    <legend>Active Real/Physical Memory Space</legend>
  </add>
  <add>
    <name>memCachedBytes</name>
    <rpn>memCached, 1024, *</rpn>
    <graphType>stack</graphType>
    <color>MAGENTA</color>
    <legend>Total Cached Memory</legend>
  </add>
  <add>
    <name>memBufferBytes</name>
    <rpn>memBuffer, 1024, *</rpn>
    <graphType>stack</graphType>
    <color>ORANGE</color>
    <legend>Total Buffered Memory</legend>
  </add>
  <add>
    <name>memAvailRealBytes</name>
    <rpn>memAvailReal, 1024, *</rpn>
    <graphType>stack</graphType>
    <color>BLACK</color>
    <legend>Available Real/Physical Memory Space</legend>
  </add>
  <add>
    <name>memUsedSwapBytes</name>
    <rpn>memUsedSwap, 1024, *</rpn>
    <graphType>stack</graphType>
    <color>RED</color>
    <legend>Used Swap Space</legend>
  </add>
  <hosttree>
    <pathelement>HOST</pathelement>
    <pathelement>SYSTEM</pathelement>
    <pathelement>MEMORY</pathelement>
    <pathstring>Memory usage</pathstring>
  </hosttree>
  <viewtree>
    <pathelement>SYSTEM</pathelement>
    <pathelement>MEMORY</pathelement>
    <pathstring>Memory usage</pathstring>
    <pathelement>HOST</pathelement>
  </viewtree>
</graphdesc>
