<?xml version="1.0" encoding="ISO-8859-1"?>
<!DOCTYPE probedesc PUBLIC "-//jrds//DTD Probe Description//EN" "urn:jrds:probedesc">
<probedesc>
    <name>MemLinux</name>
    <probeName>memlinux</probeName>
    <probeClass>jrds.probe.snmp.RdsSnmpSimple</probeClass>
    <specific name="existOid">1.3.6.1.4.1.2021.4.14.0</specific>
	<specific name="requester">simple</specific>
    <ds>
        <dsName>memTotalSwap</dsName>
        <dsType>gauge</dsType>
        <oid>1.3.6.1.4.1.2021.4.3</oid>
    </ds>
    <ds>
        <dsName>memAvailSwap</dsName>
        <dsType>gauge</dsType>
        <oid>1.3.6.1.4.1.2021.4.4</oid>
    </ds>
    <ds>
        <dsName>memTotalReal</dsName>
        <dsType>gauge</dsType>
        <oid>1.3.6.1.4.1.2021.4.5</oid>
    </ds>
    <ds>
        <dsName>memAvailReal</dsName>
        <dsType>gauge</dsType>
        <oid>1.3.6.1.4.1.2021.4.6</oid>
    </ds>
    <ds>
        <dsName>memShared</dsName>
        <dsType>gauge</dsType>
        <oid>1.3.6.1.4.1.2021.4.13</oid>
    </ds>
    <ds>
        <dsName>memBuffer</dsName>
        <dsType>gauge</dsType>
        <oid>1.3.6.1.4.1.2021.4.14</oid>
    </ds>
    <ds>
        <dsName>memCached</dsName>
        <dsType>gauge</dsType>
        <oid>1.3.6.1.4.1.2021.4.15</oid>
    </ds>
    <graphs>
        <name>MemGraphLinux</name>
    </graphs>
</probedesc>
