<?xml version="1.0" encoding="UTF-8"?>
<!DOCTYPE graphdesc PUBLIC "-//jrds//DTD Graph Description//EN" "http://bidule">
<graphdesc>
  <name>swapwindowgraph</name>
  <graphName>swapwindowgraph</graphName>
  <graphTitle>Virtual Memory usage on {1}</graphTitle>
  <unit>
    <binary/>
  </unit>
  <verticalLabel>Bytes</verticalLabel>
  <add>
    <name>Total</name>
    <graphType>none</graphType>
  </add>
  <add>
    <name>Used</name>
    <graphType>area</graphType>
    <color>BLUE</color>
    <legend>Swap used</legend>
  </add>
  <add>
    <name>Available</name>
    <rpn>Total,Used,-</rpn>
    <graphType>stack</graphType>
    <legend>Swap free</legend>
  </add>
  <hosttree>
    <pathelement>HOST</pathelement>
    <pathelement>SYSTEM</pathelement>
    <pathelement>MEMORY</pathelement>
    <pathstring>Swap usage</pathstring>
  </hosttree>
  <viewtree>
    <pathelement>SYSTEM</pathelement>
    <pathelement>MEMORY</pathelement>
    <pathstring>Swap usage</pathstring>
    <pathelement>HOST</pathelement>
  </viewtree>
</graphdesc>
