<?xml version="1.0" encoding="UTF-8"?>
<!DOCTYPE graphdesc PUBLIC "-//jrds//DTD Graph Description//EN"
	"urn:jrds:graphdesc">
<graphdesc>
	<name>SolRDocumentUpdates</name>
	<graphName>solrupdates-${index.cleanpath}</graphName>
	<graphTitle>Document updates on ${label} on host ${host}</graphTitle>
	<verticalLabel>doc/s</verticalLabel>
	<add>
		<name>updateTotalAdds</name>
		<graphType>area</graphType>
		<legend>documents add/s</legend>
	</add>
	<hosttree>
		<pathelement>HOST</pathelement>
		<pathelement>SERVICES</pathelement>
		<pathstring>SolR</pathstring>
		<pathstring>${label}</pathstring>
		<pathstring>Document updates</pathstring>
	</hosttree>
	<viewtree>
		<pathelement>SERVICES</pathelement>
		<pathstring>SolR</pathstring>
		<pathelement>HOST</pathelement>
		<pathstring>Document updates</pathstring>
		<pathstring>${label}</pathstring>
	</viewtree>
</graphdesc>
