<?xml version="1.0" encoding="UTF-8"?>
<!DOCTYPE graphdesc PUBLIC "-//jrds//DTD Graph Description//EN" "urn:jrds:graphdesc">
<graphdesc>
  <name>MysqlStatusBytes</name>
  <graphName>mysqlstatusbytes-{3}</graphName>
  <graphTitle>Bytes exchanged on {3}</graphTitle>
  <unit>
    <binary/>
  </unit>
  <verticalLabel>bytes/s</verticalLabel>
  <add>
    <name>Bytes_sent</name>
    <graphType>line</graphType>
    <legend>Bytes sent</legend>
  </add>
  <add>
    <name>Bytes_received</name>
    <reversed>true</reversed>
    <graphType>line</graphType>
    <legend>Bytes received</legend>
  </add>
  <hosttree>
    <pathelement>HOST</pathelement>
    <pathelement>SERVICES</pathelement>
    <pathelement>URL</pathelement>
    <pathstring>Bytes</pathstring>
  </hosttree>
  <viewtree>
    <pathelement>SERVICES</pathelement>
    <pathstring>Mysql</pathstring>
    <pathelement>URL</pathelement>
    <pathstring>Bytes</pathstring>
  </viewtree>
</graphdesc>
