<?xml version="1.0" encoding="UTF-8"?>
<!DOCTYPE graphdesc PUBLIC "-//jrds//DTD Graph Description//EN"
	"urn:jrds:graphdesc">
<graphdesc>
	<name>SunJVM5MemoryPool</name>
	<graphName>jvmsun5pool-${label}</graphName>
	<graphTitle>JVM Memory Usage for ${label}</graphTitle>
	<unit>
		<binary />
	</unit>
	<verticalLabel>Bytes</verticalLabel>
	<add>
		<legend>Non Heap Memory</legend>
	</add>
    <add>
        <name>Perm Gen</name>
        <graphType>area</graphType>
        <legend>Perm Gen</legend>
    </add>
	<add>
		<name>Code Cache</name>
		<graphType>stack</graphType>
		<legend>Code Cache</legend>
	</add>
    <add>
        <legend>Heap Memory</legend>
    </add>
    <add>
        <name>Old Gen</name>
        <graphType>stack</graphType>
        <legend>Old Gen</legend>
    </add>
    <add>
        <name>Survivor Space</name>
        <graphType>stack</graphType>
        <legend>Survivor Space</legend>
    </add>
    <add>
        <name>Eden Space</name>
        <graphType>stack</graphType>
        <legend>Eden Space</legend>
    </add>
	<hosttree>
		<pathelement>HOST</pathelement>
		<pathelement>SERVICES</pathelement>
		<pathstring>JVM</pathstring>
		<pathstring>${label}</pathstring>
		<pathstring>Memory usage</pathstring>
	</hosttree>
	<viewtree>
		<pathelement>SERVICES</pathelement>
		<pathstring>JVM</pathstring>
		<pathelement>HOST</pathelement>
		<pathstring>Memory usage</pathstring>
		<pathstring>${label}</pathstring>
	</viewtree>
</graphdesc>
