<?xml version="1.0" encoding="UTF-8"?>
<!DOCTYPE graphdesc PUBLIC "-//jrds//DTD Graph Description//EN" "urn:jrds:graphdesc">
<graphdesc>
  <name>cpqHeTempC</name>
  <graphName>temp-{2}</graphName>
  <graphTitle>Temperature on probe {2} on {1}</graphTitle>
  <verticalLabel>°C</verticalLabel>
  <add>
    <name>cpqHeTempC</name>
    <graphType>line</graphType>
   </add>
  <add>
    <name>cpqHeTempThreshold</name>
    <graphType>line</graphType>
   </add>
  <hosttree>
    <pathelement>HOST</pathelement>
    <pathstring>Temperature</pathstring>
    <pathelement>INDEX</pathelement>
   </hosttree>
  <viewtree>
    <pathstring>Temperature</pathstring>
    <pathelement>HOST</pathelement>
    <pathelement>INDEX</pathelement>
  </viewtree>
</graphdesc>
