<?xml version="1.0" encoding="UTF-8"?>
<!DOCTYPE graphdesc PUBLIC "-//jrds//DTD Graph Description//EN"
                           "urn:jrds:graphdesc">
<graphdesc>
	<name>RIBCLPowerUsageGraph</name>
	<graphName>ribclpower</graphName>
	<graphTitle>Power usage for {1}</graphTitle>
	<verticalLabel>Watt</verticalLabel>
	<add>
		<name>power</name>
		<graphType>area</graphType>
		<color>GREEN</color>
		<legend>Power usage</legend>
	</add>
	<hosttree>
		<pathelement>HOST</pathelement>
		<pathstring>Chassis</pathstring>
		<pathstring>Power usage</pathstring>
	</hosttree>
	<viewtree>
		<pathstring>Chassis</pathstring>
		<pathstring>Power usage</pathstring>
		<pathelement>HOST</pathelement>
	</viewtree>
</graphdesc>
