<?xml version="1.0" encoding="UTF-8"?>
<!DOCTYPE graphdesc PUBLIC "-//jrds//DTD Graph Description//EN" "urn:jrds:graphdesc">
<graphdesc>
	<name>ApacheWorkers</name>
	<graphName>apacheworkers_${index}</graphName>
	<graphTitle>Workers status on port ${index}</graphTitle>
	<verticalLabel>Workers</verticalLabel>
	<add>
		<name>BusyWorkers</name>
		<graphType>area</graphType>
		<legend>Busy workers</legend>
	</add>
	<add>
		<name>IdleWorkers</name>
		<graphType>stack</graphType>
		<legend>Idle Workers</legend>
	</add>
	<hosttree>
		<pathelement>HOST</pathelement>
		<pathelement>SERVICES</pathelement>
        <pathstring>Apache Activity</pathstring>
		<pathelement>INDEX</pathelement>
		<pathstring>Workers</pathstring>
	</hosttree>
	<viewtree>
		<pathelement>SERVICES</pathelement>
        <pathstring>Apache Activity</pathstring>
		<pathstring>Workers</pathstring>
		<pathelement>URL</pathelement>
	</viewtree>
</graphdesc>
