<?xml version="1.0" encoding="UTF-8"?>
<!DOCTYPE graphdesc PUBLIC "-//jrds//DTD Graph Description//EN"
                           "urn:jrds:graphdesc">
<graphdesc>
        <name>OpenDSBytes</name>
        <graphName>opendsbytes-${index}</graphName>
        <graphTitle>LDAP bytes exchanged on ${host} on connexion ${index}</graphTitle>
        <unit>
                <binary/>
        </unit>
        <verticalLabel>Bytes/s</verticalLabel>
        <add>
                <name>bytesWritten</name>
                <graphType>line</graphType>
                <color>BLUE</color>
                <legend>Number of bytes written to clients</legend>
        </add>
        <add>
                <name>bytesRead</name>
                <reversed>true</reversed>
                <graphType>line</graphType>
                <color>GREEN</color>
                <legend>Number of bytes received from clients</legend>
        </add>
        <hosttree>
                <pathelement>HOST</pathelement>
                <pathelement>SERVICES</pathelement>
                <pathstring>OpenDS</pathstring>
                <pathelement>INDEX</pathelement>
                <pathstring>bytes exchanged</pathstring>
        </hosttree>
        <viewtree>
                <pathelement>SERVICES</pathelement>
                <pathstring>OpenDS</pathstring>
                <pathstring>bytes exchanged</pathstring>
                <pathelement>HOST</pathelement>
        </viewtree>
</graphdesc>

