<?xml version="1.0" encoding="UTF-8"?>
<!DOCTYPE graphdesc PUBLIC "-//jrds//DTD Graph Description//EN" "urn:jrds:graphdesc">
<graphdesc>
	<name>ApacheWorkersDetails</name>
	<graphName>apacheworkers_${index}</graphName>
	<graphTitle>Workers status on port ${index}</graphTitle>
	<verticalLabel>Workers</verticalLabel>
	<add>
		<name>WAITING</name>
		<graphType>area</graphType>
	</add>
	<add>
		<name>STARTING</name>
		<graphType>stack</graphType>
	</add>
	<add>
		<name>READING</name>
		<graphType>stack</graphType>
	</add>
	<add>
		<name>SENDING</name>
		<graphType>stack</graphType>
	</add>
	<add>
		<name>KEEPALIVE</name>
		<graphType>stack</graphType>
	</add>
	<add>
		<name>DNS</name>
		<graphType>stack</graphType>
	</add>
	<add>
		<name>CLOSING</name>
		<graphType>stack</graphType>
	</add>
	<add>
		<name>LOGGING</name>
		<graphType>stack</graphType>
	</add>
	<add>
		<name>GRACEFULLY</name>
		<graphType>stack</graphType>
	</add>
	<add>
		<name>IDLE</name>
		<graphType>stack</graphType>
	</add>
	<hosttree>
		<pathelement>HOST</pathelement>
		<pathelement>SERVICES</pathelement>
        <pathstring>Apache Activity</pathstring>
		<pathelement>INDEX</pathelement>
		<pathstring>Workers</pathstring>
	</hosttree>
	<viewtree>
		<pathelement>SERVICES</pathelement>
        <pathstring>Apache Activity</pathstring>
		<pathstring>Workers</pathstring>
		<pathelement>URL</pathelement>
	</viewtree>
</graphdesc>
