<?xml version="1.0" encoding="UTF-8"?>
<!DOCTYPE graphdesc PUBLIC "-//jrds//DTD Graph Description//EN" "urn:jrds:graphdesc">
<graphdesc>
    <name>ifpktssz</name>
    <graphName>ifpktssz-${index}</graphName>
    <graphTitle>Packets size on interface ${index} on ${host}</graphTitle>
    <unit>
        <SI />
    </unit>
    <verticalLabel>bytes</verticalLabel>
    <lowerLimit>NaN</lowerLimit>
    <add>
        <name>ifOutUcastPkts</name>
    </add>
    <add>
        <name>ifOutMulticastPkts</name>
    </add>
    <add>
        <name>ifOutBroadcastPkts</name>
    </add>
    <add>
        <name>ifOutOctets</name>
    </add>
    <add>
        <name>outPktSize</name>
        <rpn>ifOutOctets, ifOutUcastPkts,ifOutMulticastPkts, +, ifOutBroadcastPkts, +, /</rpn>
        <graphType>area</graphType>
        <legend>average packets size send</legend>
    </add>
    <add>
        <name>ifInUcastPkts</name>
    </add>
    <add>
        <name>ifInMulticastPkts</name>
    </add>
    <add>
        <name>ifInBroadcastPkts</name>
    </add>
    <add>
        <name>ifInOctets</name>
    </add>
    <add>
        <name>inPktSize</name>
        <rpn>ifInOctets, ifInUcastPkts,ifInMulticastPkts, +, ifInBroadcastPkts, +, /</rpn>
        <reversed>true</reversed>
        <graphType>area</graphType>
        <legend>average packets size received</legend>
    </add>
    <hosttree>
        <pathelement>HOST</pathelement>
        <pathelement>NETWORK</pathelement>
        <pathelement>INTERFACES</pathelement>
        <pathelement>INDEX</pathelement>
        <pathstring>Packets size</pathstring>
    </hosttree>
    <viewtree>
        <pathelement>NETWORK</pathelement>
        <pathelement>INTERFACES</pathelement>
        <pathstring>Packets size</pathstring>
        <pathelement>HOST</pathelement>
        <pathelement>INDEX</pathelement>
    </viewtree>
</graphdesc>
