<?xml version="1.0" encoding="UTF-8"?>
<!DOCTYPE graphdesc PUBLIC "-//jrds//DTD Graph Description//EN"
	"urn:jrds:graphdesc">
<graphdesc>
        <name>VIPF5NewCnx</name>
	<graphName>vipf5newcnx-${index}</graphName>
	<graphTitle>Connections on VIP ${index} on ${host}</graphTitle>
	<verticalLabel>cnx/s</verticalLabel>
	<lowerLimit>NaN</lowerLimit>
	<add>
		<name>ClientTotConns</name>
		<graphType>line</graphType>
		<legend>Connections/s on client side</legend>
	</add>
	<hosttree>
		<pathstring>${host}</pathstring>
		<pathelement>SERVICES</pathelement>
		<pathstring>F5</pathstring>
		<pathstring>VIP</pathstring>
		<pathstring>${index}</pathstring>
		<pathstring>New connections</pathstring>
	</hosttree>
	<viewtree>
		<pathelement>SERVICES</pathelement>
		<pathstring>F5</pathstring>
		<pathstring>VIP</pathstring>
		<pathstring>${index}</pathstring>
		<pathstring>New connections</pathstring>
		<pathstring>${host}</pathstring>
	</viewtree>
</graphdesc>