<?xml version="1.0" encoding="UTF-8"?>
<!DOCTYPE graphdesc PUBLIC "-//jrds//DTD Graph Description//EN" "urn:jrds:graphdesc">
<graphdesc>
	<name>cpurawkilinux</name>
	<graphName>cpurawkilinux</graphName>
	<graphTitle>Detailled CPU usage on {1}</graphTitle>
	<verticalLabel>%</verticalLabel>
	<add>
		<name>ssCpuRawKernel</name>
		<graphType>line</graphType>
		<legend>kernel CPU time</legend>
	</add>
	<add>
		<name>ssCpuRawInterrupt</name>
		<graphType>line</graphType>
		<legend>interruptlevel CPU time</legend>
	</add>
	<hosttree>
		<pathelement>HOST</pathelement>
		<pathelement>SYSTEM</pathelement>
		<pathelement>LOAD</pathelement>
		<pathstring>Detailled CPU usage</pathstring>
	</hosttree>
	<viewtree>
		<pathelement>SYSTEM</pathelement>
		<pathelement>LOAD</pathelement>
		<pathstring>Detailled CPU usage</pathstring>
		<pathelement>HOST</pathelement>
	</viewtree>
</graphdesc>
