<?xml version="1.0" encoding="UTF-8"?>
<!DOCTYPE graphdesc PUBLIC "-//jrds//DTD Graph Description//EN" "urn:jrds:graphdesc">
<graphdesc>
  <name>DataNodeConPoolGraph</name>
  <graphName>DataNodeConPoolGraph</graphName>
  <graphTitle>Datanode Connection Pool</graphTitle>

  <verticalLabel>Connections</verticalLabel>
  <add>
    <name>ACTIVE</name>
    <graphType>line</graphType>
    <legend>jdbc connections</legend>
  </add>
  <hosttree>
    <pathelement>HOST</pathelement>
    <pathelement>SERVICES</pathelement>
    <pathelement>URL</pathelement>
    <pathstring>connections</pathstring>
  </hosttree>
  <viewtree>
    <pathelement>SERVICES</pathelement>
    <pathstring>Mysql</pathstring>
    <pathelement>URL</pathelement>
    <pathstring>connections</pathstring>
  </viewtree>
</graphdesc>
