<?xml version="1.0" encoding="UTF-8"?>
<!DOCTYPE graphdesc PUBLIC "-//jrds//DTD Graph Description//EN" "urn:jrds:graphdesc">
<graphdesc>
	<name>MysqlStatusBadJoin</name>
	<graphName>mysqlstatusbadjoin-{3}</graphName>
	<graphTitle>Joins performed without indexes {3}</graphTitle>
	<verticalLabel>number/s</verticalLabel>
	<add>
		<name>Select_range_check</name>
	</add>
	<add>
		<name>Select_full_join</name>
	</add>
	<add>
	<rpn>Select_range_check, Select_full_join, +</rpn>
		<graphType>line</graphType>
		<color>red</color>
		<legend>Joins without indexes</legend>
	</add>
	<hosttree>
		<pathelement>HOST</pathelement>
		<pathelement>SERVICES</pathelement>
		<pathelement>URL</pathelement>
		<pathstring>Joins without indexes</pathstring>
	</hosttree>
	<viewtree>
		<pathelement>SERVICES</pathelement>
		<pathstring>Mysql</pathstring>
		<pathelement>URL</pathelement>
		<pathstring>Joins without indexes</pathstring>
	</viewtree>
</graphdesc>
