<?xml version="1.0" encoding="ISO-8859-1"?>
<!DOCTYPE probedesc PUBLIC "-//jrds//DTD Probe Description//EN" "urn:jrds:probedesc">
<!-- 
This probe collect VM informations through jmx. To use it, one need to start the jvm setting the following properties :
com.sun.management.jmxremote
com.sun.management.jmxremote.port=<port>
com.sun.management.jmxremote.authenticate=false
Dcom.sun.management.jmxremote.ssl=false

More informations can be found at http://java.sun.com/javase/6/docs/technotes/guides/management/agent.html

As there is no index to discriminate between jvm, label is used and is mandatory
 -->
<probedesc>
	<name>JMXThread</name>
	<probeName>jvmthread-${label}</probeName>
	<probeClass>jrds.probe.JMX</probeClass>
	<ds>
		<dsName>DaemonThreadCount</dsName>
		<dsType>gauge</dsType>
		<collect>java.lang:type=Threading/DaemonThreadCount</collect>
	</ds>
	<ds>
		<dsName>PeakThreadCount</dsName>
		<dsType>gauge</dsType>
		<collect>java.lang:type=Threading/PeakThreadCount</collect>
	</ds>
	<ds>
		<dsName>ThreadCount</dsName>
		<dsType>gauge</dsType>
		<collect>java.lang:type=Threading/ThreadCount</collect>
	</ds>
	<ds>
		<dsName>StartedThreadCount</dsName>
		<dsType>counter</dsType>
		<collect>java.lang:type=Threading/TotalStartedThreadCount</collect>
	</ds>
	<graphs>
		<name>JMXStartedThreads</name>
		<name>JMXThreadsCount</name>
	</graphs>
</probedesc>
