<?xml version="1.0" encoding="UTF-8"?>
<!DOCTYPE graphdesc PUBLIC "-//jrds//DTD Graph Description//EN" "urn:jrds:graphdesc">
<graphdesc>
  <name>MysqlThreads</name>
  <graphName>mysqlthreads-{3}</graphName>
  <graphTitle>Threads created for {3}</graphTitle>
  <verticalLabel>creation/s</verticalLabel>
  <add>
    <name>Threads_created</name>
    <graphType>line</graphType>
    <color>blue</color>
    <legend>The number of threads created to handle connections.</legend>
  </add>
  <hosttree>
    <pathelement>HOST</pathelement>
    <pathelement>SERVICES</pathelement>
    <pathelement>URL</pathelement>
    <pathstring>Threads</pathstring>
  </hosttree>
  <viewtree>
    <pathelement>SERVICES</pathelement>
    <pathstring>Mysql</pathstring>
    <pathelement>URL</pathelement>
    <pathstring>Threads</pathstring>
  </viewtree>
</graphdesc>
