<?xml version="1.0" encoding="UTF-8"?>
<!DOCTYPE graphdesc PUBLIC "-//jrds//DTD Graph Description//EN" "urn:jrds:graphdesc">
<graphdesc>
    <name>InterruptsCount</name>
    <graphName>intrcnt</graphName>
    <graphTitle>Interrupts/s on ${host}</graphTitle>
    <verticalLabel>count/s</verticalLabel>
    <add>
        <name>ssRawInterrupts</name>
        <graphType>line</graphType>
        <legend>Number of interrupts processed</legend>
    </add>
    <add>
        <name>ssRawContexts</name>
        <graphType>line</graphType>
        <legend>Number of context switches</legend>
    </add>
    <hosttree>
        <pathelement>HOST</pathelement>
        <pathelement>SYSTEM</pathelement>
        <pathelement>LOAD</pathelement>
        <pathstring>Interrupts count</pathstring>
    </hosttree>
    <viewtree>
        <pathelement>SYSTEM</pathelement>
        <pathelement>LOAD</pathelement>
        <pathstring>Interrupts count</pathstring>
        <pathelement>HOST</pathelement>
    </viewtree>
</graphdesc>
