<?xml version="1.0" encoding="UTF-8"?>
<!DOCTYPE graphdesc PUBLIC "-//jrds//DTD Graph Description//EN" "urn:jrds:graphdesc">
<graphdesc>
  <name>CpuRawTimeLinux</name>
  <graphName>cpurawlinux</graphName>
  <graphTitle>CPU Utilization on {1}</graphTitle>
  <verticalLabel>%</verticalLabel>
  <upperLimit>100.0</upperLimit>
  <add>
    <name>ssCpuRawNice</name>
  </add>
  <add>
    <name>ssCpuRawUser</name>
  </add>
  <add>
    <name>ssCpuRawSystem</name>
  </add>
  <add>
    <name>ssCpuRawWait</name>
  </add>
  <add>
    <name>ssCpuRawIdle</name>
  </add>
  <add>
    <name>total</name>
    <rpn>ssCpuRawNice, ssCpuRawUser, +, ssCpuRawSystem,+, ssCpuRawWait, +, ssCpuRawIdle,+</rpn>
    <graphType>none</graphType>
  </add>
  <add>
    <name>Systempc</name>
    <rpn>ssCpuRawSystem, total, /, 100, *</rpn>
    <graphType>area</graphType>
    <color>red</color>
    <legend>System CPU time</legend>
  </add>
  <add>
    <name>Userpc</name>
    <rpn>ssCpuRawUser, total, /, 100, *</rpn>
    <graphType>stack</graphType>
    <color>blue</color>
    <legend>User CPU time</legend>
  </add>
  <add>
    <name>Nicepc</name>
    <rpn>ssCpuRawNice, total, /, 100, *</rpn>
    <graphType>stack</graphType>
    <color>orange</color>
    <legend>Nice CPU time</legend>
  </add>
  <add>
    <name>Waitpc</name>
    <rpn>ssCpuRawWait, total, /, 100, *</rpn>
    <graphType>stack</graphType>
    <color>teal</color>
    <legend>Iowait CPU time</legend>
  </add>
  <add>
    <name>Idlepc</name>
    <rpn>ssCpuRawIdle, total, /, 100, *</rpn>
    <graphType>stack</graphType>
    <color>green</color>
    <legend>Idle CPU time</legend>
  </add>
  <hosttree>
    <pathelement>host</pathelement>
    <pathelement>system</pathelement>
    <pathelement>load</pathelement>
    <pathstring>CPU usage</pathstring>
  </hosttree>
  <viewtree>
    <pathelement>system</pathelement>
    <pathelement>load</pathelement>
    <pathstring>CPU usage</pathstring>
    <pathelement>host</pathelement>
  </viewtree>
</graphdesc>
