<?xml version="1.0" encoding="UTF-8"?>
<!DOCTYPE probedesc PUBLIC "-//jrds//DTD Probe Description//EN" "urn:jrds:probedesc">
<probedesc>
	<name>DhcpdPoolsXml</name>
	<probeName>dhcppools-${label}</probeName>
	<probeClass>jrds.probe.HttpXml</probeClass>
	<specific name="nouptime"></specific>
	<ds>
		<dsName>used</dsName>
		<dsType>gauge</dsType>
		<collect>/dhcpstatus/subnet[range="{$1}"]/used</collect>
	</ds>
	<ds>
		<dsName>free</dsName>
		<dsType>gauge</dsType>
		<collect>/dhcpstatus/subnet[range="{$1}"]/free</collect>
	</ds>
	<graphs>
		<name>DhcpdPools</name>
	</graphs>
</probedesc>
