<?xml version="1.0" encoding="UTF-8"?>
<!DOCTYPE graphdesc PUBLIC "-//jrds//DTD Graph Description//EN"
                           "urn:jrds:graphdesc">
<graphdesc>
  <name>ApacheRequests</name>
  <graphName>apachereq_${index}</graphName>
  <graphTitle>Requests on port ${index}</graphTitle>
  <unit>
    <base/>
  </unit>
  <verticalLabel>Requests/s</verticalLabel>
  <add>
    <name>Total Accesses</name>
    <graphType>line</graphType>
    <color>GREEN</color>
    <legend>Requests</legend>
  </add>
  <hosttree>
    <pathelement>HOST</pathelement>
    <pathelement>SERVICES</pathelement>
    <pathstring>Apache Activity</pathstring>
    <pathelement>INDEX</pathelement>
    <pathstring>Requests/s</pathstring>
  </hosttree>
  <viewtree>
    <pathelement>SERVICES</pathelement>
    <pathstring>Apache Activity</pathstring>
    <pathstring>Requests/s</pathstring>
    <pathelement>URL</pathelement>
  </viewtree>
</graphdesc>
