<?xml version="1.0" encoding="UTF-8"?>
<!DOCTYPE probedesc PUBLIC "-//jrds//DTD Probe Description//EN" "urn:jrds:probedesc">
<probedesc>
	<name>Dot11-if</name>
	<probeName>dot11-if-${label}</probeName>
	<probeClass>jrds.probe.snmp.RdsIndexedSnmpRrd</probeClass>
	<specific name="labelOid">1.3.6.1.2.1.31.1.1.1.18</specific>
	<!-- Dummy index, OID suffix should always be used -->
    <specific name="indexOid">1.3.6.1.4.1.9.9.272.1.1.2.1.1.6</specific>
	<ds>
		<dsName>ActiveClients</dsName>
		<dsType>gauge</dsType>
		<oid>1.3.6.1.4.1.9.9.273.1.1.2.1.1</oid>
	</ds>
	<graphs>
		<name>Dot11-if.Assoc</name>
	</graphs>
</probedesc>
