<?xml version="1.0" encoding="UTF-8"?>
<!DOCTYPE probedesc PUBLIC "-//jrds//DTD Probe Description//EN"
    "urn:jrds:probedesc">
<probedesc>
    <name>CiscoRouterMemory</name>
    <probeName>ciscomemory</probeName>
    <probeClass>jrds.probe.snmp.RdsSnmpSimple</probeClass>
    <specific name="requester">simple</specific>
    <ds>
        <dsName>processorRam</dsName>
        <dsType>gauge</dsType>
        <oid>.1.3.6.1.4.1.9.3.6.6</oid>
    </ds>
    <ds>
        <dsName>freeMem</dsName>
        <dsType>gauge</dsType>
        <oid>.1.3.6.1.4.1.9.2.1.8</oid>
    </ds>
    <graphs>
        <name>CiscoRouterMemory</name>
    </graphs>
</probedesc>
