<?xml version="1.0" encoding="UTF-8"?>
<!DOCTYPE graphdesc PUBLIC "-//jrds//DTD Graph Description//EN"
	"urn:jrds:graphdesc">
<graphdesc>
	<name>SolRCachesHitRatio</name>
	<graphName>solrcacheshitratio-${index.cleanpath}</graphName>
	<graphTitle>Caches hit ratio on ${label} on host ${host}</graphTitle>
	<verticalLabel>ratio</verticalLabel>

	<add>
	  <name>documentCacheRatio</name>
	  <graphType>line</graphType>
	  <legend>Document cache ratio</legend>
	</add>
	<add>
	  <name>fieldValueCacheRatio</name>
	  <graphType>line</graphType>
	  <legend>Field value cache ratio</legend>
	</add>
	<add>
	  <name>filterCacheRatio</name>
	  <graphType>line</graphType>
	  <legend>Filter cache ratio</legend>
	</add>

	<hosttree>
		<pathelement>HOST</pathelement>
		<pathelement>SERVICES</pathelement>
		<pathstring>SolR</pathstring>
		<pathstring>${label}</pathstring>
		<pathstring>Cache hit</pathstring>
	</hosttree>
	<viewtree>
		<pathelement>SERVICES</pathelement>
		<pathstring>SolR</pathstring>
		<pathelement>HOST</pathelement>
		<pathstring>Cache hit</pathstring>
		<pathstring>${label}</pathstring>
	</viewtree>
</graphdesc>
