<?xml version="1.0" encoding="UTF-8"?>
<!DOCTYPE graphdesc PUBLIC "-//jrds//DTD Graph Description//EN" "urn:jrds:graphdesc">
<graphdesc>
	<name>BindServerQueries</name>
	<graphName>bindserverqueries</graphName>
	<graphTitle>Bind Name Server Statistics on host ${host}</graphTitle>
	<verticalLabel>queries</verticalLabel>
	<add>
		<name>nsstat.Requestv4</name>
		<graphType>line</graphType>
		<legend>Request IPv4</legend>
	</add>
	<add>
		<name>nsstat.Requestv6</name>
		<graphType>line</graphType>
		<legend>Request IPv6</legend>
	</add>
	<add>
		<name>nsstat.Response</name>
		<reversed>true</reversed>
		<graphType>line</graphType>
		<legend>Response</legend>
	</add>
	<add>
		<name>nsstat.QrySuccess</name>
		<reversed>true</reversed>
		<graphType>line</graphType>
		<legend>QrySuccess</legend>
	</add>

	<hosttree>
		<pathelement>HOST</pathelement>
		<pathelement>SERVICES</pathelement>
		<pathstring>BIND</pathstring>
		<pathstring>Server queries</pathstring>
	</hosttree>
	<viewtree>
		<pathelement>SERVICES</pathelement>
		<pathstring>BIND</pathstring>
		<pathstring>Server queries</pathstring>
		<pathelement>HOST</pathelement>
	</viewtree>
</graphdesc>