<?xml version="1.0" encoding="UTF-8"?>
<!DOCTYPE graphdesc PUBLIC "-//jrds//DTD Graph Description//EN" "urn:jrds:graphdesc">
<graphdesc>
  <name>MysqlStatusOperations</name>
  <graphName>mysqlstatusoperations-{3}</graphName>
  <graphTitle>Operations on {3}</graphTitle>
  <verticalLabel>number</verticalLabel>
  <add>
    <name>Questions</name>
  </add>
  <add>
    <name>Qcache_hits</name>
  </add>
  <add>
    <name>Com_select</name>
  </add>
  <add>
    <name>Com_insert</name>
  </add>
  <add>
    <name>Com_replace</name>
  </add>
  <add>
    <name>Qcache_hits</name>
  </add>
  <add>
    <name>select</name>
	<rpn>Com_select,Qcache_hits,+</rpn>
	<graphType>area</graphType>
	<legend>Select</legend>
  </add>
  <add>
    <name>insert</name>
	<rpn>Com_insert,Com_replace,+</rpn>
	<graphType>stack</graphType>
	<legend>Insert</legend>
  </add>
  <add>
    <name>Com_update</name>
	<graphType>stack</graphType>
	<legend>Update</legend>
  </add>
  <add>
    <name>Com_delete</name>
	<graphType>stack</graphType>
	<legend>Delete</legend>
  </add>
  <hosttree>
    <pathelement>HOST</pathelement>
    <pathelement>SERVICES</pathelement>
    <pathelement>URL</pathelement>
    <pathstring>Operations</pathstring>
  </hosttree>
  <viewtree>
    <pathelement>SERVICES</pathelement>
    <pathstring>Mysql</pathstring>
    <pathelement>URL</pathelement>
    <pathstring>Operations</pathstring>
  </viewtree>
</graphdesc>
