<?xml version="1.0" encoding="UTF-8"?>
<!DOCTYPE graphdesc PUBLIC "-//jrds//DTD Graph Description//EN" "http://bidule">
<graphdesc>
	<name>numprocess</name>
	<graphName>nprocesses</graphName>
	<graphTitle>Number of processes on {1}</graphTitle>
	<verticalLabel>Number (cumulated)</verticalLabel>
	<add>
		<name>hrSystemProcesses</name>
		<graphType>area</graphType>
		<color>green</color>
		<legend>Number of processes</legend>
	</add>
	<hosttree>
		<pathelement>HOST</pathelement>
		<pathelement>SYSTEM</pathelement>
		<pathelement>LOAD</pathelement>
		<pathstring>Total number of processes</pathstring>
	</hosttree>
	<viewtree>
		<pathelement>SYSTEM</pathelement>
		<pathelement>LOAD</pathelement>
		<pathstring>Total number of processes</pathstring>
		<pathelement>HOST</pathelement>
	</viewtree>
</graphdesc>
