<?xml version="1.0" encoding="UTF-8"?>
<!DOCTYPE graphdesc PUBLIC "-//jrds//DTD Graph Description//EN"
    "urn:jrds:graphdesc">
<graphdesc>
    <name>tmmcnxcurr</name>
    <graphName>tmmcnxcurr-{2}</graphName>
    <graphTitle>TMM current connections </graphTitle>
    <verticalLabel>connections</verticalLabel>
    <add>
        <name>ClientCurConns</name>
        <graphType>line</graphType>
        <legend>Client side connections creation</legend>
    </add>
    <add>
        <name>ServerCurConns</name>
        <graphType>line</graphType>
        <legend>Server side connections creation</legend>
    </add>

  <hosttree>
    <pathelement>HOST</pathelement>
    <pathelement>SERVICES</pathelement>
    <pathstring>F5</pathstring>
    <pathstring>TMM</pathstring>
    <pathelement>INDEX</pathelement>
    <pathstring>Current connections</pathstring>
  </hosttree>
  <viewtree>
    <pathelement>SERVICES</pathelement>
    <pathstring>F5</pathstring>
    <pathstring>TMM</pathstring>
    <pathelement>INDEX</pathelement>
    <pathstring>Current connections</pathstring>
    <pathelement>HOST</pathelement>
  </viewtree>
</graphdesc>