<?xml version="1.0" encoding="UTF-8"?>
<!DOCTYPE graphdesc PUBLIC "-//jrds//DTD Graph Description//EN"
	"urn:jrds:graphdesc">
<graphdesc>
	<name>JMXThreadsCount</name>
	<graphName>jmxthreadscount-${label}</graphName>
	<graphTitle>Threads count for ${label}</graphTitle>
	<verticalLabel>thread</verticalLabel>
	<add>
		<name>ThreadCount</name>
		<graphType>area</graphType>
		<legend>Active threads</legend>
	</add>
	<add>
		<name>DaemonThreadCount</name>
		<graphType>area</graphType>
		<legend>Daemon threads</legend>
	</add>
	<add>
		<name>PeakThreadCount</name>
		<graphType>line</graphType>
		<legend>Peak thread count</legend>
	</add>
	<hosttree>
		<pathelement>HOST</pathelement>
		<pathelement>SERVICES</pathelement>
		<pathstring>JVM</pathstring>
		<pathstring>${label}</pathstring>
		<pathstring>Threads count</pathstring>
	</hosttree>
	<viewtree>
		<pathelement>SERVICES</pathelement>
		<pathstring>JVM</pathstring>
		<pathelement>HOST</pathelement>
		<pathstring>Threads count</pathstring>
		<pathstring>${label}</pathstring>
	</viewtree>
</graphdesc>
