<?xml version="1.0" encoding="UTF-8"?>
<!DOCTYPE graphdesc PUBLIC "-//jrds//DTD Graph Description//EN"
	"urn:jrds:graphdesc">
<graphdesc>
	<name>SolRRequestTime</name>
	<graphName>solrrequesttime-${index.cleanpath}</graphName>
	<graphTitle>Response time on ${label} on host ${host}</graphTitle>
	<unit>
		<base>m</base>
	</unit>
	<verticalLabel>ms</verticalLabel>
	<add>
		<name>searchTotalTime</name>
	</add>
	<add>
		<rpn>searchTotalTime, 1000, *</rpn>
		<graphType>line</graphType>
		<legend>Response time</legend>
	</add>
	<hosttree>
		<pathelement>HOST</pathelement>
		<pathelement>SERVICES</pathelement>
		<pathstring>SolR</pathstring>
		<pathstring>${label}</pathstring>
		<pathstring>Response time</pathstring>
	</hosttree>
	<viewtree>
		<pathelement>SERVICES</pathelement>
		<pathstring>SolR</pathstring>
		<pathelement>HOST</pathelement>
		<pathstring>Response time</pathstring>
		<pathstring>${label}</pathstring>
	</viewtree>
</graphdesc>
