<?xml version="1.0" encoding="UTF-8"?>
<!DOCTYPE graphdesc PUBLIC "-//jrds//DTD Graph Description//EN"
	"urn:jrds:graphdesc">
<graphdesc>
	<name>TomcatHits</name>
	<graphName>tomcat-hits-${index}</graphName>
	<graphTitle>Request count for ${index}</graphTitle>
	<verticalLabel>Number</verticalLabel>
	<add>
		<name>errorCount</name>
		<graphType>line</graphType>
		<color>red</color>
		<legend>Error count</legend>
	</add>
	<add>
		<name>requestCount</name>
		<graphType>line</graphType>
		<color>green</color>
		<legend>Request count</legend>
	</add>
	<hosttree>
		<pathelement>HOST</pathelement>
		<pathelement>SERVICES</pathelement>
		<pathstring>Tomcat</pathstring>
		<pathstring>Global request processor ${index}</pathstring>
		<pathstring>Request count</pathstring>
	</hosttree>
	<viewtree>
		<pathelement>SERVICES</pathelement>
		<pathstring>Tomcat</pathstring>
		<pathstring>Request count</pathstring>
		<pathelement>HOST</pathelement>
		<pathstring>Global request processor ${index}</pathstring>
	</viewtree>
</graphdesc>
