<?xml version="1.0" encoding="UTF-8"?>
<!DOCTYPE graphdesc PUBLIC "-//jrds//DTD Graph Description//EN"
    "urn:jrds:graphdesc">
<graphdesc>
    <name>tmmcycle</name>
    <graphName>tmmcycle-{2}</graphName>
    <graphTitle>TMM CPU usage</graphTitle>
    <verticalLabel>cycle</verticalLabel>
    <add>
        <name>TmTotalCycles</name>
    </add>
    <add>
        <rpn>TmTotalCycles, TmIdleCycles,-, TmSleepCycles, -</rpn>
        <graphType>area</graphType>
        <color>green</color>
        <legend>Active cycles</legend>
    </add>
    <add>
        <name>TmIdleCycles</name>
        <graphType>stack</graphType>
        <color>blue</color>
        <legend>Idle cycles</legend>
    </add>
    <add>
        <name>TmSleepCycles</name>
        <graphType>stack</graphType>
        <color>black</color>
        <legend>Sleep cycles</legend>
    </add>

  <hosttree>
    <pathelement>HOST</pathelement>
    <pathelement>SERVICES</pathelement>
    <pathstring>F5</pathstring>
    <pathstring>TMM</pathstring>
    <pathelement>INDEX</pathelement>
    <pathstring>Cycles</pathstring>
  </hosttree>
  <viewtree>
    <pathelement>SERVICES</pathelement>
    <pathstring>F5</pathstring>
    <pathstring>TMM</pathstring>
    <pathelement>INDEX</pathelement>
    <pathstring>Cycles</pathstring>
    <pathelement>HOST</pathelement>
  </viewtree>
</graphdesc>