<?xml version="1.0" encoding="UTF-8"?>
<!DOCTYPE graphdesc PUBLIC "-//jrds//DTD Graph Description//EN" "urn:jrds:graphdesc">
<graphdesc>
	<name>MycatTPSGraph</name>
	<graphName>MycatTPSGraph</graphName>
	<graphTitle>Mycat TPS Graph </graphTitle>

	<verticalLabel>TPS</verticalLabel>
	<add>
		<name>TOTAL_TASK</name>
		<graphType>line</graphType>
		<color>blue</color>
		<legend>TPS</legend>
	</add>

	<hosttree>
		<pathelement>HOST</pathelement>
		<pathelement>SERVICES</pathelement>
		<pathelement>URL</pathelement>
		<pathstring>Mycat TPS</pathstring>
	</hosttree>
	<viewtree>
		<pathelement>SERVICES</pathelement>
		<pathstring>Mycat</pathstring>
		<pathelement>URL</pathelement>
		<pathstring>Mycat TPS</pathstring>
	</viewtree>
</graphdesc>
