<?xml version="1.0" encoding="UTF-8"?>
<!DOCTYPE graphdesc PUBLIC "-//jrds//DTD Graph Description//EN" "urn:jrds:graphdesc">
<graphdesc>
  <name>MysqlSlaveStatusGraph</name>
  <graphName>MysqlSlaveStatusGraph</graphName>
  <graphTitle>Mysql Seconds Behind Master</graphTitle>
  <verticalLabel>Seconds Behind</verticalLabel>
  <add>
    <name>Seconds_Behind_Master</name>
    <graphType>line</graphType>
    <legend>Seconds Behind</legend>
  </add>
    <hosttree>
    <pathelement>HOST</pathelement>
    <pathelement>SERVICES</pathelement>
    <pathelement>URL</pathelement>
    <pathstring>Seconds Behind</pathstring>
  </hosttree>
  <viewtree>
    <pathelement>SERVICES</pathelement>
    <pathstring>Mysql</pathstring>
    <pathelement>URL</pathelement>
    <pathstring>Seconds Behind</pathstring>
  </viewtree>
 </graphdesc>
