<?xml version="1.0" encoding="UTF-8"?>
<!DOCTYPE graphdesc PUBLIC "-//jrds//DTD Graph Description//EN" "urn:jrds:graphdesc">
<graphdesc>
	<name>BindCache</name>
	<graphName>bindcache</graphName>
	<graphTitle>Bind RR cache</graphTitle>
	<verticalLabel>RR entries</verticalLabel>
	<add>
		<name>cache.a</name>
		<graphType>area</graphType>
		<legend>A RR</legend>
	</add>
	<add>
		<name>cache.ns</name>
		<graphType>stack</graphType>
		<legend>NS RR</legend>
	</add>
	<add>
		<name>cache.cname</name>
		<graphType>stack</graphType>
		<legend>CNAME RR</legend>
	</add>
	<add>
		<name>cache.ptr</name>
		<graphType>stack</graphType>
		<legend>PTR RR</legend>
	</add>
	<add>
		<name>cache.aaaa</name>
		<graphType>stack</graphType>
		<legend>AAAA RR</legend>
	</add>
	<add>
		<name>cache.ds</name>
		<graphType>stack</graphType>
		<legend>DS RR</legend>
	</add>
	<add>
		<name>cache.rrsig</name>
		<graphType>stack</graphType>
		<legend>RRSIG RR</legend>
	</add>
	<add>
		<name>cache.nsec</name>
		<graphType>stack</graphType>
		<legend>NSEC RR</legend>
	</add>
	<add>
		<name>cache.notaaa</name>
		<graphType>stack</graphType>
		<legend>!AAAA RR</legend>
	</add>
	<add>
		<name>cache.nota</name>
		<graphType>stack</graphType>
		<legend>!A RR</legend>
	</add>
	<add>
		<name>cache.nxdomain</name>
		<graphType>stack</graphType>
		<legend>NXDOMAIN RR</legend>
	</add>
	<hosttree>
		<pathelement>HOST</pathelement>
		<pathelement>SERVICES</pathelement>
		<pathstring>BIND</pathstring>
		<pathstring>${label}</pathstring>
		<pathstring>cache</pathstring>
	</hosttree>
	<viewtree>
		<pathelement>SERVICES</pathelement>
		<pathstring>BIND</pathstring>
		<pathstring>cache</pathstring>
		<pathelement>HOST</pathelement>
		<pathstring>${label}</pathstring>
	</viewtree>
</graphdesc>