<?xml version="1.0" encoding="ISO-8859-1"?>
<!DOCTYPE probedesc PUBLIC "-//jrds//DTD Probe Description//EN" "urn:jrds:probedesc">
<probedesc>
	<name>RIBCLPower</name>
	<probeName>ribclpower</probeName>
	<probeClass>jrds.probe.Ribcl</probeClass>
	<specific name="command">SERVER_INFO</specific>
	<specific name="subcommand">GET_POWER_READINGS</specific>
	<ds>
		<dsName>power</dsName>
		<dsType>gauge</dsType>
		<collect>//PRESENT_POWER_READING/@VALUE</collect>
	</ds>
	<graphs>
		<name>RIBCLPowerUsageGraph</name>
	</graphs>
</probedesc>
