<?xml version="1.0" encoding="UTF-8"?>
<!DOCTYPE graphdesc PUBLIC "-//jrds//DTD Graph Description//EN" "urn:jrds:graphdesc">
<graphdesc>
	<name>MysqlStatusQueries</name>
	<graphName>mysqlstatusqueries-{3}</graphName>
	<graphTitle>Queries on {3}</graphTitle>
	<verticalLabel>operation/s</verticalLabel>
	<add>
		<name>Connections</name>
		<graphType>line</graphType>
		<legend>Connections</legend>
	</add>
	<add>
		<name>Questions</name>
		<graphType>line</graphType>
		<legend>Questions</legend>
	</add>
	<add>
		<name>Slow_queries</name>
		<graphType>line</graphType>
		<legend>Slow queries</legend>
	</add>
	<hosttree>
		<pathelement>HOST</pathelement>
		<pathelement>SERVICES</pathelement>
		<pathelement>URL</pathelement>
		<pathstring>Queries</pathstring>
	</hosttree>
	<viewtree>
		<pathelement>SERVICES</pathelement>
		<pathstring>Mysql</pathstring>
		<pathelement>URL</pathelement>
		<pathstring>Queries</pathstring>
	</viewtree>
</graphdesc>
