<!DOCTYPE graphdesc PUBLIC "-//jrds//DTD Graph Description//EN" "urn:jrds:graphdesc">
<graphdesc>
  <name>pgsqlxact</name>
  <graphName>pgsqlxact-${index}</graphName>
  <graphTitle>PostgreSQL transactions on ${index}</graphTitle>
  <verticalLabel>Transaction/s</verticalLabel>

  <add>
    <name>xact_commit</name>
    <graphType>area</graphType>
    <legend>Number of transactions committed</legend>
  </add>
  <add>
    <name>xact_rollback</name>
    <graphType>stack</graphType>
    <color>RED</color>
    <legend>Number of transactions rolled back</legend>
  </add>

  <hosttree>
    <pathelement>HOST</pathelement>
    <pathelement>SERVICES</pathelement>
    <pathelement>URL</pathelement>
    <pathstring>${index}</pathstring>
    <pathstring>transaction</pathstring>
  </hosttree>
  <viewtree>
    <pathelement>SERVICES</pathelement>
    <pathstring>Postgresql</pathstring>
    <pathelement>URL</pathelement>
    <pathstring>${index}</pathstring>
    <pathstring>transaction</pathstring>
  </viewtree>
</graphdesc>