<?xml version="1.0" encoding="UTF-8"?>
<!DOCTYPE graphdesc PUBLIC "-//jrds//DTD Graph Description//EN" "urn:jrds:graphdesc">
<graphdesc>
	<name>MycatActiveThreadGraph</name>
	<graphName>MycatActiveThreadGraph</graphName>
	<graphTitle>Mycat Active Threads Graph </graphTitle>

	<verticalLabel>Threads</verticalLabel>
	<add>
		<name>ACTIVE_COUNT</name>
		<graphType>line</graphType>
		<color>blue</color>
		<legend>Threads</legend>
	</add>

	<hosttree>
		<pathelement>HOST</pathelement>
		<pathelement>SERVICES</pathelement>
		<pathelement>URL</pathelement>
		<pathstring>Mycat Threads</pathstring>
	</hosttree>
	<viewtree>
		<pathelement>SERVICES</pathelement>
		<pathstring>Mycat</pathstring>
		<pathelement>URL</pathelement>
		<pathstring>Mycat Threads</pathstring>
	</viewtree>
</graphdesc>
