<?xml version="1.0" encoding="UTF-8"?>
<!DOCTYPE graphdesc PUBLIC "-//jrds//DTD Graph Description//EN" "urn:jrds:graphdesc">
<graphdesc>
  <name>MysqlWaitLocksGraph</name>
  <graphName>MysqlWaitLocksGraph</graphName>
  <graphTitle>Mysql Wait locks</graphTitle>
  <verticalLabel>>Wait Locks</verticalLabel>
  <add>
    <name>Wait_Locks</name>
    <graphType>line</graphType>
    <legend>Wait Locks</legend>
  </add>
    <hosttree>
    <pathelement>HOST</pathelement>
    <pathelement>SERVICES</pathelement>
    <pathelement>URL</pathelement>
    <pathstring>>Wait Locks</pathstring>
  </hosttree>
  <viewtree>
    <pathelement>SERVICES</pathelement>
    <pathstring>Mysql</pathstring>
    <pathelement>URL</pathelement>
    <pathstring>>Wait Locks</pathstring>
  </viewtree>
 </graphdesc>
