<!DOCTYPE graphdesc PUBLIC "-//jrds//DTD Graph Description//EN" "urn:jrds:graphdesc">
<graphdesc>
  <name>pgsqlblks</name>
  <graphName>pgsqlblks-${index}</graphName>
  <graphTitle>PostgreSQL blocks on ${index}</graphTitle>
  <verticalLabel>block/s</verticalLabel>

  <add>
    <name>blks_read</name>
    <graphType>area</graphType>
    <legend>Disk blocks read</legend>
  </add>
  <add>
    <name>blks_hit</name>
    <graphType>stack</graphType>
    <legend>Buffer hits</legend>
  </add>

  <hosttree>
    <pathelement>HOST</pathelement>
    <pathelement>SERVICES</pathelement>
    <pathelement>URL</pathelement>
    <pathstring>${index}</pathstring>
    <pathstring>blocks</pathstring>
  </hosttree>
  <viewtree>
    <pathelement>SERVICES</pathelement>
    <pathstring>Postgresql</pathstring>
    <pathelement>URL</pathelement>
    <pathstring>${index}</pathstring>
    <pathstring>blocks</pathstring>
  </viewtree>
</graphdesc>