<?xml version="1.0" encoding="UTF-8"?>
<!DOCTYPE graphdesc PUBLIC "-//jrds//DTD Graph Description//EN"
	"urn:jrds:graphdesc">
<graphdesc>
	<name>ifpackets</name>
	<graphName>ifpkts-{2}</graphName>
	<graphTitle>Packets exchanged on interface {2} on {1}</graphTitle>
	<verticalLabel>packets/s</verticalLabel>
	<lowerLimit>NaN</lowerLimit>
	<add>
		<legend>Upward graph</legend>
	</add>
	<add>
		<name>ifOutUcastPkts</name>
		<graphType>area</graphType>
		<color>blue</color>
		<legend>packets sends/s</legend>
	</add>
	<add>
		<name>ifOutErrors</name>
		<graphType>line</graphType>
		<color>red</color>
		<legend>packets in error send/s</legend>
	</add>
	<add>
		<legend>Downward graph</legend>
	</add>
	<add>
		<name>ifInUcastPkts</name>
		<reversed>true</reversed>
		<graphType>area</graphType>
		<color>green</color>
		<legend>packets received/s</legend>
	</add>
	<add>
		<name>ifInErrors</name>
		<reversed>true</reversed>
		<graphType>line</graphType>
		<color>red</color>
		<legend>packets in error received/s</legend>
	</add>
	<hosttree>
		<pathelement>HOST</pathelement>
		<pathelement>NETWORK</pathelement>
		<pathelement>INTERFACES</pathelement>
		<pathelement>INDEX</pathelement>
		<pathstring>Packets exchanged</pathstring>
	</hosttree>
	<viewtree>
		<pathelement>NETWORK</pathelement>
		<pathelement>INTERFACES</pathelement>
		<pathstring>Packets exchanged</pathstring>
		<pathelement>HOST</pathelement>
		<pathelement>INDEX</pathelement>
	</viewtree>
</graphdesc>
