<?xml version="1.0" encoding="UTF-8"?>
<!DOCTYPE graphdesc PUBLIC "-//jrds//DTD Graph Description//EN" "urn:jrds:graphdesc">
<graphdesc>
	<name>BindQueriesType</name>
	<graphName>bindqueriestype</graphName>
	<graphTitle>Bind queries type on ${host}</graphTitle>
	<verticalLabel>operations</verticalLabel>
	<add>
		<name>opcode.query</name>
	</add>
	<add>
		<name>q-in.a</name>
		<graphType>area</graphType>
		<legend>A queries</legend>
	</add>
	<add>
		<name>q-in.ptr</name>
		<graphType>stack</graphType>
		<legend>PTR queries</legend>
	</add>
	<add>
		<name>q-in.aaaa</name>
		<graphType>stack</graphType>
		<legend>AAAA queries</legend>
	</add>
	<add>
		<name>q-in.txt</name>
		<graphType>stack</graphType>
		<legend>TXT queries</legend>
	</add>
	<add>
		<name>q-in.ns</name>
		<graphType>stack</graphType>
		<legend>NS queries</legend>
	</add>
	<add>
		<name>q-in.mx</name>
		<graphType>stack</graphType>
		<legend>MX queries</legend>
	</add>
	<add>
		<name>q-in.srv</name>
		<graphType>stack</graphType>
		<legend>SRV queries</legend>
	</add>
	<add>
		<rpn>opcode.query, q-in.txt, -, q-in.aaaa, -, q-in.ptr, -, q-in.a, -, q-in.ns, -, q-in.mx, -, q-in.srv, - </rpn>
		<graphType>area</graphType>
		<legend>Other queries</legend>
	</add>
	<hosttree>
		<pathelement>HOST</pathelement>
		<pathelement>SERVICES</pathelement>
		<pathstring>BIND</pathstring>
		<pathstring>Queries type</pathstring>
	</hosttree>
	<viewtree>
		<pathelement>SERVICES</pathelement>
		<pathstring>BIND</pathstring>
		<pathstring>Queries type</pathstring>
		<pathelement>HOST</pathelement>
	</viewtree>
</graphdesc>
