<?xml version="1.0" encoding="UTF-8"?>
<!DOCTYPE graphdesc PUBLIC "-//jrds//DTD Graph Description//EN" "urn:jrds:graphdesc">
<graphdesc>
	<name>Dot11-if.Assoc</name>
	<graphName>Dot11-if.Assoc-${label}</graphName>
	<graphTitle>Number of association on interface ${label} on ${host}</graphTitle>
	<verticalLabel>clients</verticalLabel>
	<add>
		<name>ActiveClients</name>
		<graphType>area</graphType>
		<legend>Active clients</legend>
	</add>
	<hosttree>
		<pathelement>HOST</pathelement>
		<pathelement>NETWORK</pathelement>
		<pathstring>Dot11</pathstring>
		<pathelement>INDEX</pathelement>
		<pathstring>clients</pathstring>
	</hosttree>
	<viewtree>
		<pathelement>NETWORK</pathelement>
		<pathstring>Dot11</pathstring>
		<pathstring>clients</pathstring>
		<pathelement>HOST</pathelement>
		<pathelement>INDEX</pathelement>
	</viewtree>
</graphdesc>
