<?xml version="1.0" encoding="ISO-8859-1"?>
<!DOCTYPE probedesc PUBLIC "-//jrds//DTD Probe Description//EN" "urn:jrds:probedesc">

<probedesc>
  <name>JMXSolR</name>
  <probeName>jmxsolr-${index.cleanpath}</probeName>
  <probeClass>jrds.probe.JMXIndexed</probeClass>

  <!-- search -->
  <ds>
    <dsName>searchTotalRequests</dsName>
    <dsType>counter</dsType>
    <collect>${index}:type=search,id=org.apache.solr.handler.component.SearchHandler/requests</collect>
  </ds>
  <ds>
    <dsName>searchTotalTime</dsName>
    <dsType>counter</dsType>
    <collect>${index}:type=search,id=org.apache.solr.handler.component.SearchHandler/totalTime</collect>
  </ds>

  <!-- cache -->
  <ds>
    <dsName>documentCacheRatio</dsName>
    <dsType>gauge</dsType>
    <collect>${index}:type=documentCache,id=org.apache.solr.search.LRUCache/hitratio</collect>
  </ds>
  <ds>
    <dsName>fieldValueCacheRatio</dsName>
    <dsType>gauge</dsType>
    <collect>${index}:type=fieldValueCache,id=org.apache.solr.search.FastLRUCache/hitratio</collect>
  </ds>
  <ds>
    <dsName>filterCacheRatio</dsName>
    <dsType>gauge</dsType>
    <collect>${index}:type=filterCache,id=org.apache.solr.search.FastLRUCache/hitratio</collect>
  </ds>

  <!-- update -->
  <ds>
    <dsName>updateTotalAdds</dsName>
    <dsType>counter</dsType>
    <collect>${index}:type=updateHandler,id=org.apache.solr.update.DirectUpdateHandler2/cumulative_adds</collect>
  </ds>
 
  <!-- There are many things we can add if we want to track unusual behaviours: 
       deletes, uncommited queue length, commits, etc. -->

  <graphs>
    <name>SolRRequestRate</name>
    <name>SolRRequestTime</name>
    <name>SolRCachesHitRatio</name>
    <name>SolRDocumentUpdates</name>
  </graphs>
</probedesc>
