<?xml version="1.0" encoding="UTF-8"?>
<!DOCTYPE graphdesc PUBLIC "-//jrds//DTD Graph Description//EN" "urn:jrds:graphdesc">
<graphdesc>
  <name>ifxbps</name>
  <graphName>ifx-${index}</graphName>
  <graphTitle>Bits exchanged on interface ${index} on ${host}</graphTitle>
  <verticalLabel>bits/s</verticalLabel>
  <lowerLimit>NaN</lowerLimit>
  <add>
    <name>ifHCOutOctets</name>
  </add>
  <add>
    <rpn>ifHCOutOctets,8,*</rpn>
    <graphType>area</graphType>
    <legend>bits sends/s</legend>
  </add>
  <add>
    <name>ifHCInOctets</name>
  </add>
  <add>
    <rpn>ifHCInOctets,8,*</rpn>
    <reversed>true</reversed>
    <graphType>area</graphType>
    <legend>bits received/s</legend>
  </add>
  <hosttree>
    <pathelement>HOST</pathelement>
    <pathelement>NETWORK</pathelement>
    <pathelement>INTERFACES</pathelement>
    <pathelement>INDEX</pathelement>
    <pathstring>Bits exchanged</pathstring>
  </hosttree>
  <viewtree>
    <pathelement>NETWORK</pathelement>
    <pathelement>INTERFACES</pathelement>
    <pathstring>Bits exchanged</pathstring>
    <pathelement>HOST</pathelement>
    <pathelement>INDEX</pathelement>
  </viewtree>
</graphdesc>
