<?xml version="1.0" encoding="UTF-8"?>
<!DOCTYPE graphdesc PUBLIC "-//jrds//DTD Graph Description//EN" "urn:jrds:graphdesc">
<graphdesc>
  <name>TempThresold</name>
  <graphName>temp-${index}</graphName>
  <graphTitle>Temperature on probe ${index} on ${host}</graphTitle>
  <verticalLabel>°C</verticalLabel>
  <add>
    <name>temp</name>
    <graphType>line</graphType>
   </add>
  <add>
    <name>threshold</name>
    <graphType>line</graphType>
   </add>
  <hosttree>
    <pathstring>${host}</pathstring>
    <pathstring>Temperature</pathstring>
    <pathstring>${index}</pathstring>
   </hosttree>
  <viewtree>
    <pathstring>Temperature</pathstring>
    <pathstring>${host}</pathstring>
    <pathstring>${index}</pathstring>
  </viewtree>
</graphdesc>
