<?xml version="1.0" encoding="UTF-8"?>
<!DOCTYPE graphdesc PUBLIC "-//jrds//DTD Graph Description//EN"
	"urn:jrds:graphdesc">
<graphdesc>
	<name>DiskIoGraphSize</name>
	<graphName>bsize-{2}</graphName>
	<graphTitle>Average requests size on disk {2} on {1}</graphTitle>
	<unit>
		<binary/>
	</unit>
	<verticalLabel>bytes</verticalLabel>
	<add>
		<name>diskIONRead</name>
	</add>
	<add>
		<name>diskIONWritten</name>
	</add>
	<add>
		<name>diskIOReads</name>
	</add>
	<add>
		<name>diskIOWrites</name>
	</add>
	<add>
		<name>diskIOBLKWSZ</name>
		<rpn>diskIONWritten, diskIOWrites, /</rpn>
		<graphType>line</graphType>
		<legend>Average requests size on write</legend>
	</add>
	<add>
		<name>diskIOBLKRSZ</name>
		<rpn>diskIONRead, diskIOReads, /</rpn>
		<reversed>true</reversed>
		<graphType>line</graphType>
		<legend>Average requests size on read</legend>
	</add>
	<hosttree>
		<pathelement>HOST</pathelement>
		<pathelement>DISK</pathelement>
		<pathelement>DISKACTIVITY</pathelement>
		<pathelement>INDEX</pathelement>
		<pathstring>Average requests size</pathstring>
	</hosttree>
	<viewtree>
		<pathelement>DISK</pathelement>
		<pathelement>DISKACTIVITY</pathelement>
		<pathstring>Average requests size</pathstring>
		<pathelement>HOST</pathelement>
		<pathelement>INDEX</pathelement>
	</viewtree>
</graphdesc>