<?xml version="1.0" encoding="UTF-8"?>
<!DOCTYPE graphdesc PUBLIC "-//jrds//DTD Graph Description//EN" "urn:jrds:graphdesc">
<graphdesc>
  <name>mtaStoredVolume</name>
  <graphName>mtastoredvol-{2}</graphName>
  <graphTitle>Mail stored volume on {2} on {1}</graphTitle>
  <verticalLabel>bytes</verticalLabel>
  <add>
    <name>mtaStoredVolume</name>
     <graphType>area</graphType>
    <legend>Stored volume</legend>
  </add>
  <hosttree>
    <pathelement>HOST</pathelement>
    <pathelement>SERVICES</pathelement>
    <pathstring>Mail</pathstring>
    <pathelement>INDEX</pathelement>
    <pathstring>Stored volume</pathstring>
  </hosttree>
  <viewtree>
   <pathelement>SERVICES</pathelement>
    <pathstring>Mail</pathstring>
    <pathelement>HOST</pathelement>
    <pathelement>INDEX</pathelement>
    <pathstring>Stored volume</pathstring>
   </viewtree>
</graphdesc>
