<?xml version="1.0" encoding="UTF-8"?>
<!DOCTYPE graphdesc PUBLIC "-//jrds//DTD Graph Description//EN"
	"urn:jrds:graphdesc">
<graphdesc>
	<name>VIPF5Pkts</name>
	<graphName>vipf5pkts-${index}</graphName>
	<graphTitle>Packets exchanged on VIP ${index} on ${host}</graphTitle>
	<verticalLabel>packets/s</verticalLabel>
	<lowerLimit>NaN</lowerLimit>
	<add>
		<name>ClientPktsOut</name>
		<graphType>area</graphType>
		<color>blue</color>
		<legend>packets sends/s</legend>
	</add>
	<add>
		<name>ClientPktsIn</name>
		<reversed>true</reversed>
		<graphType>area</graphType>
		<color>green</color>
		<legend>packets received/s</legend>
	</add>
	<hosttree>
		<pathelement>HOST</pathelement>
		<pathelement>SERVICES</pathelement>
		<pathstring>F5</pathstring>
		<pathstring>VIP</pathstring>
		<pathstring>${index}</pathstring>
		<pathstring>Packets exchanged</pathstring>
	</hosttree>
	<viewtree>
		<pathelement>SERVICES</pathelement>
		<pathstring>F5</pathstring>
		<pathstring>VIP</pathstring>
		<pathstring>${index}</pathstring>
		<pathstring>Packets exchanged</pathstring>
		<pathelement>HOST</pathelement>
	</viewtree>
</graphdesc>
