<?xml version="1.0" encoding="UTF-8"?>
<!DOCTYPE graphdesc PUBLIC "-//jrds//DTD Graph Description//EN" "urn:jrds:graphdesc">
<graphdesc>
  <name>DataNodeFluxGraph</name>
  <graphName>DataNodeFluxGraph</graphName>
  <graphTitle>Datanode Flux (SQL excuted count)</graphTitle>

  <verticalLabel>SQL Counts/s</verticalLabel>
  <add>
    <name>EXECUTE</name>
    <graphType>line</graphType>
    <legend>Executed SQL</legend>
  </add>
  <hosttree>
    <pathelement>HOST</pathelement>
    <pathelement>SERVICES</pathelement>
    <pathelement>URL</pathelement>
    <pathstring>SQL count</pathstring>
  </hosttree>
  <viewtree>
    <pathelement>SERVICES</pathelement>
    <pathstring>Daas</pathstring>
    <pathelement>URL</pathelement>
    <pathstring>Executed SQL</pathstring>
  </viewtree>
</graphdesc>
