<?xml version="1.0" encoding="UTF-8"?>
<!DOCTYPE probedesc PUBLIC "-//jrds//DTD Probe Description//EN" "urn:jrds:probedesc">
<probedesc>
    <name>BindXml</name>
    <probeName>bind</probeName>
    <probeClass>jrds.probe.HttpXml</probeClass>
    <specific name="startTimePath">/isc/bind/statistics/server/boot-time</specific>
    <specific name="currentTimePath">/isc/bind/statistics/server/current-time</specific>
    <specific name="timePattern">yyyy-MM-dd'T'HH:mm:ss'Z'</specific>
    <defaultargs>
        <attr name="port">8053</attr>
    </defaultargs>
    <!-- Name Server Statistics Counters -->
    <ds>
        <dsName>nsstat.Requestv4</dsName>
        <dsType>counter</dsType>
        <collect>/isc/bind/statistics/server/nsstat[name="Requestv4"]/counter</collect>
    </ds>
    <ds>
        <dsName>nsstat.Requestv6</dsName>
        <dsType>counter</dsType>
        <collect>/isc/bind/statistics/server/nsstat[name="Requestv6"]/counter</collect>
    </ds>
    <ds>
        <dsName>nsstat.ReqEdns0</dsName>
        <dsType>counter</dsType>
        <collect>/isc/bind/statistics/server/nsstat[name="ReqEdns0"]/counter</collect>
    </ds>
    <ds>
        <dsName>nsstat.ReqBadEDNSVer</dsName>
        <dsType>counter</dsType>
        <collect>/isc/bind/statistics/server/nsstat[name="ReqBadEDNSVer"]/counter</collect>
    </ds>
    <ds>
        <dsName>nsstat.ReqTSIG</dsName>
        <dsType>counter</dsType>
        <collect>/isc/bind/statistics/server/nsstat[name="ReqTSIG"]/counter</collect>
    </ds>
    <ds>
        <dsName>nsstat.ReqSIG0</dsName>
        <dsType>counter</dsType>
        <collect>/isc/bind/statistics/server/nsstat[name="ReqSIG0"]/counter</collect>
    </ds>
    <ds>
        <dsName>nsstat.ReqBadSIG</dsName>
        <dsType>counter</dsType>
        <collect>/isc/bind/statistics/server/nsstat[name="ReqBadSIG"]/counter</collect>
    </ds>
    <ds>
        <dsName>nsstat.Response</dsName>
        <dsType>counter</dsType>
        <collect>/isc/bind/statistics/server/nsstat[name="Response"]/counter</collect>
    </ds>
    <ds>
        <dsName>nsstat.QryAuthAns</dsName>
        <dsType>counter</dsType>
        <collect>/isc/bind/statistics/server/nsstat[name="QryAuthAns"]/counter</collect>
    </ds>
    <ds>
        <dsName>nsstat.QryNoauthAns</dsName>
        <dsType>counter</dsType>
        <collect>/isc/bind/statistics/server/nsstat[name="QryNoauthAns"]/counter</collect>
    </ds>
    <ds>
        <dsName>nsstat.QryNXDOMAIN</dsName>
        <dsType>counter</dsType>
        <collect>/isc/bind/statistics/server/nsstat[name="QryNXDOMAIN"]/counter</collect>
    </ds>
    <ds>
        <dsName>nsstat.QryRecursion</dsName>
        <dsType>counter</dsType>
        <collect>/isc/bind/statistics/server/nsstat[name="QryRecursion"]/counter</collect>
    </ds>
    <ds>
        <dsName>nsstat.QrySERVFAIL</dsName>
        <dsType>counter</dsType>
        <collect>/isc/bind/statistics/server/nsstat[name="QrySERVFAIL"]/counter</collect>
    </ds>
    <ds>
        <dsName>nsstat.QrySuccess</dsName>
        <dsType>counter</dsType>
        <collect>/isc/bind/statistics/server/nsstat[name="QrySuccess"]/counter</collect>
    </ds>
    <!-- Incoming Requests -->
    <ds>
        <dsName>opcode.query</dsName>
        <dsType>counter</dsType>
        <collect>/isc/bind/statistics/server/requests/opcode[name="QUERY"]/counter</collect>
    </ds>
    <ds>
        <dsName>opcode.update</dsName>
        <dsType>counter</dsType>
        <collect>/isc/bind/statistics/server/requests/opcode[name="UPDATE"]/counter</collect>
    </ds>
    <ds>
        <dsName>opcode.notify</dsName>
        <dsType>counter</dsType>
        <collect>/isc/bind/statistics/server/requests/opcode[name="NOTIFY"]/counter</collect>
    </ds>
    <!-- Incoming Queries -->
    <ds>
        <dsName>q-in.a</dsName>
        <dsType>counter</dsType>
        <collect>/isc/bind/statistics/server/queries-in/rdtype[name="A"]/counter</collect>
    </ds>
    <ds>
        <dsName>q-in.ptr</dsName>
        <dsType>counter</dsType>
        <collect>/isc/bind/statistics/server/queries-in/rdtype[name="PTR"]/counter</collect>
    </ds>
    <ds>
        <dsName>q-in.aaaa</dsName>
        <dsType>counter</dsType>
        <collect>/isc/bind/statistics/server/queries-in/rdtype[name="AAAA"]/counter</collect>
    </ds>
    <ds>
        <dsName>q-in.txt</dsName>
        <dsType>counter</dsType>
        <collect>/isc/bind/statistics/server/queries-in/rdtype[name="TXT"]/counter</collect>
    </ds>
    <ds>
        <dsName>q-in.ns</dsName>
        <dsType>counter</dsType>
        <collect>/isc/bind/statistics/server/queries-in/rdtype[name="NS"]/counter</collect>
    </ds>
    <ds>
        <dsName>q-in.mx</dsName>
        <dsType>counter</dsType>
        <collect>/isc/bind/statistics/server/queries-in/rdtype[name="MX"]/counter</collect>
    </ds>
    <ds>
        <dsName>q-in.srv</dsName>
        <dsType>counter</dsType>
        <collect>/isc/bind/statistics/server/queries-in/rdtype[name="SRV"]/counter</collect>
    </ds>
    <!-- Memory usage -->
    <ds>
        <dsName>mem.TotalUse</dsName>
        <dsType>gauge</dsType>
        <collect>/isc/bind/statistics/memory/summary/TotalUse</collect>
    </ds>
    <ds>
        <dsName>mem.InUse</dsName>
        <dsType>gauge</dsType>
        <collect>/isc/bind/statistics/memory/summary/InUse</collect>
    </ds>
    <ds>
        <dsName>mem.BlockSize</dsName>
        <dsType>gauge</dsType>
        <collect>/isc/bind/statistics/memory/summary/BlockSize</collect>
    </ds>
    <ds>
        <dsName>mem.ContextSize</dsName>
        <dsType>gauge</dsType>
        <collect>/isc/bind/statistics/memory/summary/ContextSize</collect>
    </ds>
    <ds>
        <dsName>mem.Lost</dsName>
        <dsType>gauge</dsType>
        <collect>/isc/bind/statistics/memory/summary/Lost</collect>
    </ds>
    <graphs>
        <name>BindServerQueries</name>
        <name>BindQueriesType</name>
    </graphs>
</probedesc>
