<?xml version="1.0" encoding="UTF-8"?>
<!DOCTYPE graphdesc PUBLIC "-//jrds//DTD Graph Description//EN" "urn:jrds:graphdesc">
<graphdesc>
  <name>MysqlSlowQueyGraph</name>
  <graphName>MysqlSlowQueyGraph</graphName>
  <graphTitle>Mysql Slow Query</graphTitle>
  <verticalLabel>Slow query</verticalLabel>
  <add>
    <name>SLOW_SQL_COUNTS</name>
    <graphType>line</graphType>
    <legend>Slow Query</legend>
  </add>
    <hosttree>
    <pathelement>HOST</pathelement>
    <pathelement>SERVICES</pathelement>
    <pathelement>URL</pathelement>
    <pathstring>>Wait Locks</pathstring>
  </hosttree>
  <viewtree>
    <pathelement>SERVICES</pathelement>
    <pathstring>Mysql</pathstring>
    <pathelement>URL</pathelement>
    <pathstring>>Slow query</pathstring>
  </viewtree>
 </graphdesc>
