<?xml version="1.0" encoding="UTF-8"?>
<!DOCTYPE graphdesc PUBLIC "-//jrds//DTD Graph Description//EN" "urn:jrds:graphdesc">
<graphdesc>
  <name>MysqlStatusCacheHits</name>
  <graphName>mysqlcachehits-{3}</graphName>
  <graphTitle>Cache Hits on {3}</graphTitle>
  <verticalLabel>number/s</verticalLabel>
  <add>
    <name>Qcache_hits</name>
	<graphType>area</graphType>
	<legend>Query cache hits</legend>
  </add>
  <add>
    <name>Com_select</name>
	<graphType>stack</graphType>
	<legend>Select</legend>
  </add>
  <hosttree>
    <pathelement>HOST</pathelement>
    <pathelement>SERVICES</pathelement>
    <pathelement>URL</pathelement>
    <pathstring>Query cache hits</pathstring>
  </hosttree>
  <viewtree>
    <pathelement>SERVICES</pathelement>
    <pathstring>Mysql</pathstring>
    <pathelement>URL</pathelement>
    <pathstring>Query cache hits</pathstring>
  </viewtree>
</graphdesc>
