<?xml version="1.0" encoding="ISO-8859-1"?>
<!DOCTYPE probedesc PUBLIC "-//jrds//DTD Probe Description//EN" "urn:jrds:probedesc">
<probedesc>
    <name>CpuRawLinuxHost</name>
    <probeName>cpurawlinux</probeName>
    <probeClass>jrds.probe.snmp.RdsSnmpSimple</probeClass>
    <specific name="requester">simple</specific>
    <specific name="existOid">1.3.6.1.4.1.2021.11.56.0</specific>
    <specific name="hides">CpuRawTimeSolaris, CpuRawTimeLinux</specific>
    <specific name="nodiscover" />
    <ds>
        <dsName>ssCpuRawUser</dsName>
        <dsType>counter</dsType>
        <oid>1.3.6.1.4.1.2021.11.50</oid>
    </ds>
    <ds>
        <dsName>ssCpuRawNice</dsName>
        <dsType>counter</dsType>
        <oid>1.3.6.1.4.1.2021.11.51</oid>
    </ds>
    <ds>
        <dsName>ssCpuRawSystem</dsName>
        <dsType>counter</dsType>
        <oid>1.3.6.1.4.1.2021.11.52</oid>
    </ds>
    <ds>
        <dsName>ssCpuRawIdle</dsName>
        <dsType>counter</dsType>
        <oid>1.3.6.1.4.1.2021.11.53</oid>
    </ds>
    <ds>
        <dsName>ssCpuRawWait</dsName>
        <dsType>counter</dsType>
        <oid>1.3.6.1.4.1.2021.11.54</oid>
    </ds>
    <ds>
        <dsName>ssCpuRawInterrupt</dsName>
        <dsType>counter</dsType>
        <oid>1.3.6.1.4.1.2021.11.56</oid>
    </ds>
    <ds>
        <dsName>ssCpuRawSoftIRQ</dsName>
        <dsType>counter</dsType>
        <oid>1.3.6.1.4.1.2021.11.61</oid>
    </ds>
    <ds>
        <dsName>ssCpuRawSteal</dsName>
        <dsType>counter</dsType>
        <oid>1.3.6.1.4.1.2021.11.64</oid>
        <defaultValue>0</defaultValue>
    </ds>
    <ds>
        <dsName>ssCpuRawGuest</dsName>
        <dsType>counter</dsType>
        <oid>1.3.6.1.4.1.2021.11.65</oid>
        <defaultValue>0</defaultValue>
    </ds>
    <ds>
        <dsName>ssCpuRawGuestNice</dsName>
        <dsType>counter</dsType>
        <oid>1.3.6.1.4.1.2021.11.66</oid>
        <defaultValue>0</defaultValue>
    </ds>
    <ds>
        <dsName>ssRawInterrupts</dsName>
        <dsType>counter</dsType>
        <oid>1.3.6.1.4.1.2021.11.59</oid>
    </ds>
    <ds>
        <dsName>ssRawContexts</dsName>
        <dsType>counter</dsType>
        <oid>1.3.6.1.4.1.2021.11.60</oid>
    </ds>
    <graphs>
        <name>CpuRawTimeLinux2</name>
        <name>CpuRawTimeLinuxHost</name>
        <name>InterruptsCount</name>
    </graphs>
</probedesc>