<?xml version="1.0" encoding="UTF-8"?>
<!DOCTYPE graphdesc PUBLIC "-//jrds//DTD Graph Description//EN"
    "urn:jrds:graphdesc">
<graphdesc>
    <name>JMXProcessCPU</name>
    <graphName>jmxprocesscpu-${connection.name}</graphName>
    <graphTitle>CPU usage</graphTitle>
    <verticalLabel>%</verticalLabel>
    <add>
        <name>ProcessCpuTime</name>
        <graphType>area</graphType>
        <legend>CPU usage</legend>
    </add>
    <hosttree>
        <pathstring>${host}</pathstring>
        <pathelement>SYSTEM</pathelement>
        <pathstring>Processus</pathstring>
        <pathstring>${connection.name}</pathstring>
        <pathstring>CPU usage</pathstring>
    </hosttree>
    <viewtree>
        <pathelement>SYSTEM</pathelement>
        <pathstring>Processus</pathstring>
        <pathstring>${host}</pathstring>
        <pathstring>${connection.name}</pathstring>
        <pathstring>CPU usage</pathstring>
    </viewtree>
</graphdesc>
