<?xml version="1.0" encoding="UTF-8"?>
<!DOCTYPE graphdesc PUBLIC "-//jrds//DTD Graph Description//EN"
	"urn:jrds:graphdesc">
<graphdesc>
	<name>SolRRequestRate</name>
	<graphName>solrrequestrate-${index.cleanpath}</graphName>
	<graphTitle>Requests/s on ${label} on host ${host}</graphTitle>
	<verticalLabel>Req/s</verticalLabel>
	<add>
		<name>searchTotalRequests</name>
		<graphType>line</graphType>
		<legend>Requests/s</legend>
	</add>
	<hosttree>
		<pathelement>HOST</pathelement>
		<pathelement>SERVICES</pathelement>
		<pathstring>SolR</pathstring>
		<pathstring>${label}</pathstring>
		<pathstring>Requests rate</pathstring>
	</hosttree>
	<viewtree>
		<pathelement>SERVICES</pathelement>
		<pathstring>SolR</pathstring>
		<pathelement>HOST</pathelement>
		<pathstring>Requests rate</pathstring>
		<pathstring>${label}</pathstring>
	</viewtree>
</graphdesc>
