<?xml version="1.0" encoding="ISO-8859-1"?>
<!DOCTYPE probedesc PUBLIC "-//jrds//DTD Probe Description//EN" "urn:jrds:probedesc">
<!-- 
This probe collect VM informations through jmx. To use it, one need to start the jvm setting the following properties :
com.sun.management.jmxremote
com.sun.management.jmxremote.port=<port>
com.sun.management.jmxremote.authenticate=false
Dcom.sun.management.jmxremote.ssl=false

More informations can be found at http://java.sun.com/javase/6/docs/technotes/guides/management/agent.html

As there is no index to discriminate between jvm, label is used and is mandatory
 -->
<probedesc>
	<name>JMXSerialGC</name>
	<probeName>jvmpool-${label}</probeName>
	<probeClass>jrds.probe.JMX</probeClass>
	<uptimefactor>1</uptimefactor>
	<ds>
		<dsName>Code Cache</dsName>
		<dsType>gauge</dsType>
		<collect>java.lang:type=MemoryPool,name=Code Cache/Usage/used</collect>
	</ds>
	<ds>
		<dsName>Eden Space</dsName>
		<dsType>gauge</dsType>
		<collect>java.lang:type=MemoryPool,name=Eden Space/Usage/used</collect>
	</ds>
	<ds>
		<dsName>Survivor Space</dsName>
		<dsType>gauge</dsType>
		<collect>java.lang:type=MemoryPool,name=Survivor Space/Usage/used</collect>
	</ds>
	<ds>
		<dsName>Old Gen</dsName>
		<dsType>gauge</dsType>
		<collect>java.lang:type=MemoryPool,name=Old Gen/Usage/used</collect>
	</ds>
	<ds>
		<dsName>Perm Gen</dsName>
		<dsType>gauge</dsType>
		<collect>java.lang:type=MemoryPool,name=Perm Gen/Usage/used</collect>
	</ds>
	<graphs>
		<name>SunJVM5MemoryPool</name>
	</graphs>
</probedesc>
