<?xml version="1.0" encoding="UTF-8"?>
<!DOCTYPE graphdesc PUBLIC "-//jrds//DTD Graph Description//EN"
                           "urn:jrds:graphdesc">
<graphdesc>
    <name>squidReq</name>
    <graphName>squidreq</graphName>
    <graphTitle>Squid Requests on {1}</graphTitle>
    <verticalLabel>requests/s</verticalLabel>
    <add>
        <name>HttpRqt</name>
        <graphType>line</graphType>
        <legend>HTTP client requests</legend>
    </add>
    <add>
        <name>ServerRequests</name>
        <graphType>line</graphType>
        <legend>HTTP servers requests</legend>
    </add>
    <add>
        <name>FqdnRequests</name>
        <graphType>line</graphType>
        <legend>Direct name resolution </legend>
    </add>
    <add>
        <name>IpRequests</name>
        <graphType>line</graphType>
        <legend>Reverse name resolution</legend>
    </add>
    <hosttree>
        <pathelement>HOST</pathelement>
        <pathelement>SERVICES</pathelement>
        <pathstring>Squid</pathstring>
        <pathstring>Squid Requests</pathstring>
    </hosttree>
    <viewtree>
        <pathelement>SERVICES</pathelement>
        <pathstring>Squid</pathstring>
        <pathelement>HOST</pathelement>
        <pathstring>Squid Requests</pathstring>
    </viewtree>
</graphdesc>
