<?xml version="1.0" encoding="UTF-8"?>
<!DOCTYPE probedesc PUBLIC "-//jrds//DTD Probe Description//EN" "urn:jrds:probedesc">
<probedesc>
    <name>CpuRawTimeSolaris</name>
    <probeName>cpurawsol</probeName>
    <probeClass>jrds.probe.snmp.RdsSnmpSimple</probeClass>
    <specific name="requester">simple</specific>
    <specific name="existOid">1.3.6.1.4.1.2021.11.50.0</specific>
    <ds>
        <dsName>ssCpuRawUser</dsName>
        <dsType>counter</dsType>
        <oid>1.3.6.1.4.1.2021.11.50</oid>
    </ds>
    <ds>
        <dsName>ssCpuRawSystem</dsName>
        <dsType>counter</dsType>
        <oid>1.3.6.1.4.1.2021.11.52</oid>
    </ds>
    <ds>
        <dsName>ssCpuRawIdle</dsName>
        <dsType>counter</dsType>
        <oid>1.3.6.1.4.1.2021.11.53</oid>
    </ds>
    <ds>
        <dsName>ssCpuRawWait</dsName>
        <dsType>counter</dsType>
        <oid>1.3.6.1.4.1.2021.11.54</oid>
    </ds>
    <ds>
        <dsName>ssCpuRawKernel</dsName>
        <dsType>counter</dsType>
        <oid>1.3.6.1.4.1.2021.11.55</oid>
    </ds>
    <graphs>
        <name>CpuRawTimeSolarisGraph</name>
    </graphs>
</probedesc>
