<?xml version="1.0" encoding="UTF-8"?>
<!DOCTYPE probedesc PUBLIC "-//jrds//DTD Probe Description//EN" "urn:jrds:probedesc">
<probedesc>
  <name>MysqlTableSpace</name>
  <probeName>mysqltablespace-${index}</probeName>
  <probeClass>jrds.probe.jdbc.MysqlTableSpace</probeClass>
  <ds>
    <dsName>Data_length</dsName>
    <dsType>gauge</dsType>
  </ds>
  <ds>
    <dsName>Index_length</dsName>
    <dsType>gauge</dsType>
  </ds>
  <ds>
    <dsName>Data_free</dsName>
    <dsType>gauge</dsType>
  </ds>
  <graphs>
    <name>MysqlTableSpace</name>
  </graphs>
</probedesc>
