<?xml version="1.0" encoding="UTF-8"?>
<!DOCTYPE graphdesc PUBLIC "-//jrds//DTD Graph Description//EN" "urn:jrds:graphdesc">
<graphdesc>
	<name>CiscoPixCpu</name>
	<graphName>ciscopixcpu</graphName>
	<graphTitle>CPU usage on pix {1}</graphTitle>
	<verticalLabel>Bytes</verticalLabel>
	<add>
		<name>cpmCPUTotal5sec</name>
		<graphType>line</graphType>
		<legend>CPU usage 5 seconds</legend>
	</add>
	<add>
		<name>cpmCPUTotal1min</name>
		<graphType>line</graphType>
		<legend>CPU usage 1 minute</legend>
	</add>
	<add>
		<name>cpmCPUTotal5min</name>
		<graphType>line</graphType>
		<legend>CPU usage 5 minutes</legend>
	</add>
  <hosttree>
    <pathelement>host</pathelement>
    <pathelement>system</pathelement>
    <pathelement>load</pathelement>
    <pathstring>CPU usage</pathstring>
  </hosttree>
  <viewtree>
    <pathelement>system</pathelement>
    <pathelement>load</pathelement>
    <pathstring>CPU usage</pathstring>
    <pathelement>host</pathelement>
  </viewtree>
</graphdesc>
