<?xml version="1.0" encoding="ISO-8859-1"?>
<!DOCTYPE probedesc PUBLIC "-//jrds//DTD Probe Description//EN" "urn:jrds:probedesc">
<probedesc>
    <name>CpuRawTimeLinux</name>
    <probeName>cpurawlinux</probeName>
    <probeClass>jrds.probe.snmp.RdsSnmpSimple</probeClass>
    <specific name="requester">simple</specific>
	<specific name="existOid">1.3.6.1.4.1.2021.11.56.0</specific>
    <specific name="hides">CpuRawTimeSolaris</specific>
    <ds>
        <dsName>ssCpuRawUser</dsName>
        <dsType>counter</dsType>
        <oid>1.3.6.1.4.1.2021.11.50</oid>
    </ds>
    <ds>
        <dsName>ssCpuRawNice</dsName>
        <dsType>counter</dsType>
        <oid>1.3.6.1.4.1.2021.11.51</oid>
    </ds>
    <ds>
        <dsName>ssCpuRawSystem</dsName>
        <dsType>counter</dsType>
        <oid>1.3.6.1.4.1.2021.11.52</oid>
    </ds>
    <ds>
        <dsName>ssCpuRawIdle</dsName>
        <dsType>counter</dsType>
        <oid>1.3.6.1.4.1.2021.11.53</oid>
    </ds>
    <ds>
        <dsName>ssCpuRawWait</dsName>
        <dsType>counter</dsType>
        <oid>1.3.6.1.4.1.2021.11.54</oid>
    </ds>
    <ds>
        <dsName>ssCpuRawKernel</dsName>
        <dsType>counter</dsType>
        <oid>1.3.6.1.4.1.2021.11.55</oid>
    </ds>
    <ds>
        <dsName>ssCpuRawInterrupt</dsName>
        <dsType>counter</dsType>
        <oid>1.3.6.1.4.1.2021.11.56</oid>
    </ds>
    <ds>
        <dsName>ssRawInterrupts</dsName>
        <dsType>counter</dsType>
        <oid>1.3.6.1.4.1.2021.11.59</oid>
    </ds>
    <ds>
        <dsName>ssRawContexts</dsName>
        <dsType>counter</dsType>
        <oid>1.3.6.1.4.1.2021.11.60</oid>
    </ds>
    <graphs>
        <name>CpuRawTimeLinux</name>
        <name>cpurawkilinux</name>
        <name>InterruptsCount</name>
    </graphs>
</probedesc>
