<?xml version="1.0" encoding="UTF-8"?>
<!DOCTYPE graphdesc PUBLIC "-//jrds//DTD Graph Description//EN"
	"urn:jrds:graphdesc">
<graphdesc>
	<name>DiskIoGraphBytes</name>
	<graphName>bytes-${index}</graphName>
	<graphTitle>I/O (bytes) on disk ${index} on ${host}</graphTitle>
	<unit>
		<binary/>
	</unit>
	<verticalLabel>Bytes/s</verticalLabel>
	<add>
		<name>diskIONWritten</name>
		<graphType>line</graphType>
		<legend>Number of bytes written</legend>
	</add>
	<add>
		<name>diskIONRead</name>
		<reversed>true</reversed>
		<graphType>line</graphType>
		<legend>Number of bytes read</legend>
	</add>
	<hosttree>
		<pathelement>HOST</pathelement>
		<pathelement>DISK</pathelement>
		<pathelement>DISKACTIVITY</pathelement>
		<pathelement>INDEX</pathelement>
		<pathstring>Activity as bytes/s</pathstring>
	</hosttree>
	<viewtree>
		<pathelement>DISK</pathelement>
		<pathelement>DISKACTIVITY</pathelement>
		<pathstring>Activity as bytes/s</pathstring>
		<pathelement>HOST</pathelement>
		<pathelement>INDEX</pathelement>
	</viewtree>
</graphdesc>