<?xml version="1.0" encoding="UTF-8"?>
<!DOCTYPE graphdesc PUBLIC "-//jrds//DTD Graph Description//EN" "urn:jrds:probedesc">
<graphdesc>
	<name>tcpsegments</name>
	<graphName>tcpseg</graphName>
	<graphTitle>Exchanged TCP segments on ${host}</graphTitle>
	<verticalLabel>Segments/s</verticalLabel>
	<add>
		<name>OutSegs</name>
		<graphType>line</graphType>
		<color>green</color>
		<legend>Number of segments sent</legend>
	</add>
	<add>
		<name>RetransSegs</name>
		<graphType>line</graphType>
		<color>blue</color>
		<legend>Number of segments retransmitted</legend>
	</add>
	<add>
		<name>OutRsts</name>
		<graphType>line</graphType>
		<color>red</color>
		<legend>Number of segments sent containing the RST flag</legend>
	</add>
	<add>
		<name>InSegs</name>
		<reversed>true</reversed>
		<graphType>line</graphType>
		<color>green</color>
		<legend>Number of segments received</legend>
	</add>
	<add>
		<name>InErrs</name>
		<reversed>true</reversed>
		<graphType>line</graphType>
		<color>red</color>
		<legend>Number of segments received in error</legend>
	</add>
	<hosttree>
		<pathstring>${host}</pathstring>
		<pathelement>NETWORK</pathelement>
		<pathelement>TCP</pathelement>
		<pathstring>Exchanged TCP segments</pathstring>
	</hosttree>
	<viewtree>
		<pathelement>NETWORK</pathelement>
		<pathelement>TCP</pathelement>
		<pathstring>Exchanged TCP segments</pathstring>
		<pathstring>${host}</pathstring>
	</viewtree>
</graphdesc>
