<?xml version="1.0" encoding="UTF-8"?>
<!DOCTYPE graphdesc PUBLIC "-//jrds//DTD Graph Description//EN"
	"urn:jrds:graphdesc">
<graphdesc>
	<name>CyrusMasterActive</name>
	<graphName>cyrysmasteractive-${index}</graphName>
	<graphTitle>Cyrus Master active connections for ${index}</graphTitle>
	<verticalLabel>connections</verticalLabel>
	<add>
		<name>serviceActive</name>
		<graphType>area</graphType>
		<legend>The total number of children currently active</legend>
	</add>
	<hosttree>
		<pathelement>HOST</pathelement>
		<pathelement>SERVICES</pathelement>
		<pathstring>Cyrus</pathstring>
		<pathstring>Master</pathstring>
		<pathelement>INDEX</pathelement>
	</hosttree>
	<viewtree>
		<pathelement>SERVICES</pathelement>
		<pathstring>Cyrus</pathstring>
		<pathstring>Master</pathstring>
		<pathelement>HOST</pathelement>
		<pathelement>INDEX</pathelement>
	</viewtree>
</graphdesc>
