<?xml version="1.0" encoding="UTF-8"?>
<!DOCTYPE probedesc PUBLIC "-//jrds//DTD Probe Description//EN" "urn:jrds:probedesc">
<probedesc>
	<name>BindXmlView</name>
	<probeName>bind${label}</probeName>
	<probeClass>jrds.probe.HttpXml</probeClass>
	<specific name="startTimePath">/isc/bind/statistics/server/boot-time</specific>
	<specific name="currentTimePath">/isc/bind/statistics/server/current-time</specific>
	<specific name="timePattern">yyyy-MM-dd'T'HH:mm:ss'Z'</specific>
	<defaultargs>
        <attr name="port">8053</attr>
	</defaultargs>

	<!-- cache info -->
	<ds>
		<dsName>cache.a</dsName>
		<dsType>gauge</dsType>
		<collect>/isc/bind/statistics/views/view[name="${1}"]/cache/rrset[name="A"]/counter</collect>
	</ds>
	<ds>
		<dsName>cache.ns</dsName>
		<dsType>gauge</dsType>
		<collect>/isc/bind/statistics/views/view[name="${1}"]/cache/rrset[name="NS"]/counter</collect>
	</ds>
	<ds>
		<dsName>cache.cname</dsName>
		<dsType>gauge</dsType>
		<collect>/isc/bind/statistics/views/view[name="${1}"]/cache/rrset[name="CNAME"]/counter</collect>
	</ds>
	<ds>
		<dsName>cache.ptr</dsName>
		<dsType>gauge</dsType>
		<collect>/isc/bind/statistics/views/view[name="${1}"]/cache/rrset[name="PTR"]/counter</collect>
	</ds>
	<ds>
		<dsName>cache.aaaa</dsName>
		<dsType>gauge</dsType>
		<collect>/isc/bind/statistics/views/view[name="${1}"]/cache/rrset[name="AAAA"]/counter</collect>
	</ds>
	<ds>
		<dsName>cache.ds</dsName>
		<dsType>gauge</dsType>
		<collect>/isc/bind/statistics/views/view[name="${1}"]/cache/rrset[name="DS"]/counter</collect>
	</ds>
	<ds>
		<dsName>cache.rrsig</dsName>
		<dsType>gauge</dsType>
		<collect>/isc/bind/statistics/views/view[name="${1}"]/cache/rrset[name="RRSIG"]/counter</collect>
	</ds>
	<ds>
		<dsName>cache.nsec</dsName>
		<dsType>gauge</dsType>
		<collect>/isc/bind/statistics/views/view[name="${1}"]/cache/rrset[name="NSEC"]/counter</collect>
	</ds>
	<ds>
		<dsName>cache.nota</dsName>
		<dsType>gauge</dsType>
		<collect>/isc/bind/statistics/views/view[name="${1}"]/cache/rrset[name="!A"]/counter</collect>
	</ds>
	<ds>
		<dsName>cache.notaaa</dsName>
		<dsType>gauge</dsType>
		<collect>/isc/bind/statistics/views/view[name="${1}"]/cache/rrset[name="!AAAA"]/counter</collect>
	</ds>
	<ds>
		<dsName>cache.nxdomain</dsName>
		<dsType>gauge</dsType>
		<collect>/isc/bind/statistics/views/view[name="${1}"]/cache/rrset[name="NXDOMAIN"]/counter</collect>
	</ds>

	<ds>
		<dsName>q.out.a</dsName>
		<dsType>counter</dsType>
		<collect>/isc/bind/statistics/views/view[name="${1}"]/rdtype[name="A"]/counter</collect>
	</ds>
	<ds>
		<dsName>q.out.ptr</dsName>
		<dsType>counter</dsType>
		<collect>/isc/bind/statistics/views/view[name="${1}"]/rdtype[name="PTR"]/counter</collect>
	</ds>
	<ds>
		<dsName>q.out.ns</dsName>
		<dsType>counter</dsType>
		<collect>/isc/bind/statistics/views/view[name="${1}"]/rdtype[name="NS"]/counter</collect>
	</ds>
	<ds>
		<dsName>q.out.aaaa</dsName>
		<dsType>counter</dsType>
		<collect>/isc/bind/statistics/views/view[name="${1}"]/rdtype[name="AAAA"]/counter</collect>
	</ds>

	<ds>
		<dsName>resstat.A</dsName>
		<dsType>counter</dsType>
		<collect>/isc/bind/statistics/views/view[name="${1}"]/rdtype[name="A"]/counter</collect>
	</ds>
	<ds>
		<dsName>rsc.NS</dsName>
		<dsType>counter</dsType>
		<collect>/isc/bind/statistics/views/view[name="${1}"]/rdtype[name="NS"]/counter</collect>
	</ds>
	<ds>
		<dsName>rsc.PTR</dsName>
		<dsType>counter</dsType>
		<collect>/isc/bind/statistics/views/view[name="${1}"]/rdtype[name="PTR"]/counter</collect>
	</ds>
	<ds>
		<dsName>rsc.TXT</dsName>
		<dsType>counter</dsType>
		<collect>/isc/bind/statistics/views/view[name="${1}"]/rdtype[name="TXT"]/counter</collect>
	</ds>
	<ds>
		<dsName>rsc.AAAA</dsName>
		<dsType>counter</dsType>
		<collect>/isc/bind/statistics/views/view[name="${1}"]/rdtype[name="AAAA"]/counter</collect>
	</ds>

	<!-- Resolver Statistics Counters -->
	<ds>
		<dsName>resstat.Queryv4</dsName>
		<dsType>counter</dsType>
		<collect>/isc/bind/statistics/views/view[name="${1}"]/resstat[name="Queryv4"]/counter</collect>
	</ds>
	<ds>
		<dsName>resstat.Queryv6</dsName>
		<dsType>counter</dsType>
		<collect>/isc/bind/statistics/views/view[name="${1}"]/resstat[name="Queryv6"]/counter</collect>
	</ds>
	<ds>
		<dsName>resstat.Responsev4</dsName>
		<dsType>counter</dsType>
		<collect>/isc/bind/statistics/views/view[name="${1}"]/resstat[name="Responsev4"]/counter</collect>
	</ds>
	<ds>
		<dsName>resstat.Responsev6</dsName>
		<dsType>counter</dsType>
		<collect>/isc/bind/statistics/views/view[name="${1}"]/resstat[name="Responsev6"]/counter</collect>
	</ds>
	<ds>
		<dsName>resstat.NXDOMAIN</dsName>
		<dsType>counter</dsType>
		<collect>/isc/bind/statistics/views/view[name="${1}"]/rdtype[name="NXDOMAIN"]/counter</collect>
	</ds>
	<ds>
		<dsName>resstat.SERVFAIL</dsName>
		<dsType>counter</dsType>
		<collect>/isc/bind/statistics/views/view[name="${1}"]/resstat[name="SERVFAIL"]/counter</collect>
	</ds>
	<ds>
		<dsName>resstat.FORMERR</dsName>
		<dsType>counter</dsType>
		<collect>/isc/bind/statistics/views/view[name="${1}"]/resstat[name="FORMERR"]/counter</collect>
	</ds>
	<ds>
		<dsName>resstat.OtherError</dsName>
		<dsType>counter</dsType>
		<collect>/isc/bind/statistics/views/view[name="${1}"]/resstat[name="OtherError"]/counter</collect>
	</ds>
	<ds>
		<dsName>resstat.EDNS0Fail</dsName>
		<dsType>counter</dsType>
		<collect>/isc/bind/statistics/views/view[name="${1}"]/resstat[name="EDNS0Fail"]/counter</collect>
	</ds>
	<ds>
		<dsName>resstat.Mismatch</dsName>
		<dsType>counter</dsType>
		<collect>/isc/bind/statistics/views/view[name="${1}"]/resstat[name="Mismatch"]/counter</collect>
	</ds>
	<ds>
		<dsName>resstat.Truncated</dsName>
		<dsType>counter</dsType>
		<collect>/isc/bind/statistics/views/view[name="${1}"]/resstat[name="Truncated"]/counter</collect>
	</ds>
	<ds>
		<dsName>resstat.Lame</dsName>
		<dsType>counter</dsType>
		<collect>/isc/bind/statistics/views/view[name="${1}"]/resstat[name="Lame"]/counter</collect>
	</ds>
	<ds>
		<dsName>resstat.Retry</dsName>
		<dsType>counter</dsType>
		<collect>/isc/bind/statistics/views/view[name="${1}"]/resstat[name="Retry"]/counter</collect>
	</ds>
	<ds>
		<dsName>resstat.QAbort</dsName>
		<dsType>counter</dsType>
		<collect>/isc/bind/statistics/views/view[name="${1}"]/resstat[name="QueryAbort"]/counter</collect>
	</ds>
	<ds>
		<dsName>resstat.QSockFail</dsName>
		<dsType>counter</dsType>
		<collect>/isc/bind/statistics/views/view[name="${1}"]/resstat[name="QuerySockFail"]/counter</collect>
	</ds>
	<ds>
		<dsName>resstat.QTimeout</dsName>
		<dsType>counter</dsType>
		<collect>/isc/bind/statistics/views/view[name="${1}"]/resstat[name="QueryTimeout"]/counter</collect>
	</ds>
	<ds>
		<dsName>resstat.GFv4</dsName>
		<dsType>counter</dsType>
		<collect>/isc/bind/statistics/views/view[name="${1}"]/resstat[name="GlueFetchv4"]/counter</collect>
	</ds>
	<ds>
		<dsName>resstat.GFv6</dsName>
		<dsType>counter</dsType>
		<collect>/isc/bind/statistics/views/view[name="${1}"]/resstat[name="GlueFetchv6"]/counter</collect>
	</ds>
	<ds>
		<dsName>resstat.GFv4Fail</dsName>
		<dsType>counter</dsType>
		<collect>/isc/bind/statistics/views/view[name="${1}"]/resstat[name="GlueFetchv4Fail"]/counter</collect>
	</ds>
	<ds>
		<dsName>resstat.GFv6Fail</dsName>
		<dsType>counter</dsType>
		<collect>/isc/bind/statistics/view[name="${1}"]/resstat[name="GlueFetchv6Fail"]/counter</collect>
	</ds>
	<ds>
		<dsName>resstat.ValAttempt</dsName>
		<dsType>counter</dsType>
		<collect>/isc/bind/statistics/views/view[name="${1}"]/resstat[name="ValAttempt"]/counter</collect>
	</ds>
	<ds>
		<dsName>resstat.ValOk</dsName>
		<dsType>counter</dsType>
		<collect>/isc/bind/statistics/views/view[name="${1}"]/resstat[name="ValOk"]/counter</collect>
	</ds>
	<ds>
		<dsName>resstat.ValNegOk</dsName>
		<dsType>counter</dsType>
		<collect>/isc/bind/statistics/views/view[name="${1}"]/resstat[name="ValNegOk"]/counter</collect>
	</ds>
	<ds>
		<dsName>resstat.ValFail</dsName>
		<dsType>counter</dsType>
		<collect>/isc/bind/statistics/views/view[name="${1}"]/resstat[name="ValFail"]/counter</collect>
	</ds>
	<ds>
		<dsName>resstat.QryRTT10</dsName>
		<dsType>counter</dsType>
		<collect>/isc/bind/statistics/views/view[name="${1}"]/resstat[name="QryRTT10"]/counter</collect>
	</ds>
	<ds>
		<dsName>resstat.QryRTT100</dsName>
		<dsType>counter</dsType>
		<collect>/isc/bind/statistics/views/view[name="${1}"]/resstat[name="QryRTT100"]/counter</collect>
	</ds>
	<ds>
		<dsName>resstat.QryRTT500</dsName>
		<dsType>counter</dsType>
		<collect>/isc/bind/statistics/views/view[name="${1}"]/resstat[name="QryRTT500"]/counter</collect>
	</ds>
	<ds>
		<dsName>resstat.QryRTT800</dsName>
		<dsType>counter</dsType>
		<collect>/isc/bind/statistics/views/view[name="${1}"]/resstat[name="QryRTT800"]/counter</collect>
	</ds>
	<ds>
		<dsName>resstat.QryRTT1600</dsName>
		<dsType>counter</dsType>
		<collect>/isc/bind/statistics/views/view[name="${1}"]/resstat[name="QryRTT1600"]/counter</collect>
	</ds>
	<ds>
		<dsName>resstat.QryRTT1600+</dsName>
		<dsType>counter</dsType>
		<collect>/isc/bind/statistics/views/view[name="${1}"]/resstat[name="QryRTT1600+"]/counter</collect>
	</ds>
	<graphs>
		<name>BindCache</name>
	</graphs>
</probedesc>