<?xml version="1.0" encoding="UTF-8"?>
<!DOCTYPE graphdesc PUBLIC "-//jrds//DTD Graph Description//EN" "urn:jrds:graphdesc">
<graphdesc>
	<name>VarnishStorageStats</name>
	<graphName>VarnishStorageStats</graphName>
	<graphTitle>Storage stats</graphTitle>
	<verticalLabel>bytes</verticalLabel>
	<add>
		<name>bytesused</name>
		<graphType>area</graphType>
		<legend>Storage bytes used</legend>
	</add>
	<add>
		<name>bytesfree</name>
		<graphType>stack</graphType>
		<legend>Storage bytes free</legend>
	</add>
	<hosttree>
		<pathelement>HOST</pathelement>
		<pathelement>SERVICES</pathelement>
      <pathstring>Varnish</pathstring>
		<pathstring>Storage</pathstring>
	</hosttree>
	<viewtree>
		<pathelement>SERVICES</pathelement>
      <pathstring>Varnish</pathstring>
		<pathelement>HOST</pathelement>
		<pathstring>Storage</pathstring>
	</viewtree>
</graphdesc>
