<?xml version="1.0" encoding="UTF-8"?>
<!DOCTYPE graphdesc PUBLIC "-//jrds//DTD Graph Description//EN"
                           "urn:jrds:graphdesc">
<graphdesc>
        <name>OpenDSSearch</name>
        <graphName>opendssearch-${index}</graphName>
        <graphTitle>LDAP search on ${host} on connexion ${index}</graphTitle>
        <unit>
                <binary/>
        </unit>
        <verticalLabel/>
        <add>
                <name>searchReq</name>
                <graphType>line</graphType>
                <color>GREEN</color>
                <legend>Number of search requests that have been received</legend>
        </add>
        <add>
                <name>searchResultsDone</name>
                <graphType>line</graphType>
                <color>BLUE</color>
                <legend>Number of search result done messages that have been sent</legend>
        </add>
        <add>
                <name>searchResultEntries</name>
                <graphType>line</graphType>
                <color>YELLOW</color>
                <legend>Number of search result entries that have been sent</legend>
        </add>
        <add>
                <name>searchResultRef</name>
                <graphType>line</graphType>
                <color>ORANGE</color>
                <legend>Number of search result references that have been sent</legend>
        </add>
        <hosttree>
                <pathelement>HOST</pathelement>
                <pathelement>SERVICES</pathelement>
                <pathstring>OpenDS</pathstring>
                <pathelement>INDEX</pathelement>
                <pathstring>search</pathstring>
        </hosttree>
        <viewtree>
                <pathelement>SERVICES</pathelement>
                <pathstring>OpenDS</pathstring>
                <pathstring>search</pathstring>
                <pathelement>HOST</pathelement>
        </viewtree>
</graphdesc>

