<?xml version="1.0" encoding="UTF-8"?>
<!DOCTYPE graphdesc PUBLIC "-//jrds//DTD Graph Description//EN" "urn:jrds:graphdesc">
<graphdesc>
  <name>mtaStoredMessages</name>
  <graphName>mtastoredmsg-{2}</graphName>
  <graphTitle>Mail stored messages on {2} on {1}</graphTitle>
  <verticalLabel>messages</verticalLabel>
  <add>
    <name>mtaStoredMsg</name>
     <graphType>area</graphType>
    <legend>Stored Messages</legend>
  </add>
  <hosttree>
    <pathelement>HOST</pathelement>
    <pathelement>SERVICES</pathelement>
    <pathstring>Mail</pathstring>
    <pathelement>INDEX</pathelement>
    <pathstring>Stored messages</pathstring>
  </hosttree>
  <viewtree>
   <pathelement>SERVICES</pathelement>
    <pathstring>Mail</pathstring>
    <pathelement>HOST</pathelement>
    <pathelement>INDEX</pathelement>
    <pathstring>Stored messages</pathstring>
   </viewtree>
</graphdesc>
