<?xml version="1.0" encoding="UTF-8"?>
<!DOCTYPE graphdesc PUBLIC "-//jrds//DTD Graph Description//EN" "urn:jrds:graphdesc">
<graphdesc>
	<name>CiscoPixMemory</name>
	<graphName>ciscopixmemory</graphName>
	<graphTitle>Memory usage on pix {1}</graphTitle>
	<verticalLabel>Bytes</verticalLabel>
	<add>
		<name>ciscoMemoryPoolUsed</name>
		<graphType>area</graphType>
		<color>blue</color>
		<legend>Used</legend>
	</add>
	<add>
		<name>ciscoMemoryPoolFree</name>
		<graphType>stack</graphType>
		<color>green</color>
		<legend>Free</legend>
	</add>
  <hosttree>
    <pathelement>HOST</pathelement>
    <pathelement>SYSTEM</pathelement>
    <pathelement>MEMORY</pathelement>
    <pathstring>Memory usage</pathstring>
  </hosttree>
  <viewtree>
    <pathelement>SYSTEM</pathelement>
    <pathelement>MEMORY</pathelement>
    <pathstring>Memory usage</pathstring>
    <pathelement>HOST</pathelement>
  </viewtree>
</graphdesc>
