<?xml version="1.0" encoding="ISO-8859-1"?>
<!DOCTYPE probedesc PUBLIC "-//jrds//DTD Probe Description//EN" "urn:jrds:probedesc">
<probedesc>
    <name>PartitionSpace</name>
    <probeName>fs-${index.cleanpath}</probeName>
    <probeClass>jrds.probe.snmp.PartitionSpace</probeClass>
    <specific name="description">Graph space used and free for a mountpoint</specific>
	<specific name="snmpRequester">RAW</specific>
    <specific name="indexOid">1.3.6.1.2.1.25.2.3.1.3</specific>
    <ds>
        <dsName>Total</dsName>
        <dsType>gauge</dsType>
        <oid>1.3.6.1.2.1.25.2.3.1.5</oid>
    </ds>
    <ds>
        <dsName>Used</dsName>
        <dsType>gauge</dsType>
        <oid>1.3.6.1.2.1.25.2.3.1.6</oid>
    </ds>
    <ds>
        <!-- <dsName>hrStorageAllocationUnits</dsName> -->
        <oid>1.3.6.1.2.1.25.2.3.1.4</oid>
    </ds>
    <graphs>
        <name>PartitionSpaceGraph</name>
    </graphs>
</probedesc>
